expression,reading,meaning,tags,guid
ああ,ああ,啊！ ，哦！,JLPT JLPT_4 JLPT_5 JLPT_N5,HI-.Ij?HS~
会う,あう,見面，看看,JLPT JLPT_3 JLPT_5 JLPT_N5,kupB!kWE}<
青,あお,藍色的,JLPT JLPT_5 JLPT_N5,HB)I{+$j.i
青い,あおい,藍色的,Genki Genki_Ln.9 JLPT JLPT_5 JLPT_N5,q(A)lc.Kr8
赤,あか,紅色的,JLPT JLPT_5 JLPT_N5,y!Fn9IOz@J
赤い,あかい,紅色的,Genki Genki_Ln.9 Intermediate_Japanese Intermediate_Japanese_Ln.12 JLPT JLPT_5 JLPT_N5,D`aKGX2j!#
明るい,あかるい,明亮（指性格或天氣）；快樂,Genki Genki_Ln.18 Intermediate_Japanese Intermediate_Japanese_Ln.11 JLPT JLPT_5 JLPT_N5,m>)z8|k.>J
秋,あき,秋季（季節）,Genki Genki_Ln.10 Intermediate_Japanese Intermediate_Japanese_Ln.4 JLPT JLPT_3 JLPT_5 JLPT_N5,H~$iS3{X?*
開く,あく,開放，開放,JLPT JLPT_3 JLPT_5 JLPT_N5,m[4![DH*c~
開ける,あける,打開（v.t。）,Intermediate_Japanese Intermediate_Japanese_Ln.12 JLPT JLPT_3 JLPT_5 JLPT_N5,y.#AVx@-k>
上げる,あげる,升起，舉起,JLPT JLPT_3 JLPT_5 JLPT_N5,Hp0]9?Ae.w
朝,あさ,早晨,Genki Genki_Ln.3 Intermediate_Japanese Intermediate_Japanese_Ln.2 JLPT JLPT_5 JLPT_N5,g|Q>VbnCii
朝御飯,あさごはん,早餐,Genki Genki_Ln.3 JLPT JLPT_5 JLPT_N5,wWUR=G6*(U
明後日,あさって,後天,JLPT JLPT_5 JLPT_N5,mF[0Aq7|V7
足; 脚,あし,腳;腿,JLPT JLPT_5 JLPT_N5,m.INsC.wC2
明日,あした,明天,Genki Genki_Ln.3 Intermediate_Japanese Intermediate_Japanese_Ln.7 JLPT JLPT_3 JLPT_5 JLPT_N5,xZI7N3AauN
あそこ,あそこ,在那兒，那個地方,Genki Genki_Ln.2 JLPT JLPT_5 JLPT_N5,P>AI.lx+Jq
遊ぶ,あそぶ,玩；花時間愉快；閒逛,Genki Genki_Ln.6 Intermediate_Japanese Intermediate_Japanese_Ln.1 JLPT JLPT_5 JLPT_N5,e<h|f2`;&
暖かい,あたたかい,溫暖的,JLPT_N5,tk[pUMy0{i
頭,あたま,頭,Intermediate_Japanese Intermediate_Japanese_Ln.2 JLPT JLPT_5 JLPT_N5,DaKiPvzaex
新しい,あたらしい,新的,Genki Genki_Ln.5 JLPT JLPT_5 JLPT_N5,h)6JB@Q5Rj
あちら,あちら,這種方式（禮貌）,Genki Genki_Ln.20 JLPT JLPT_5 JLPT_N5,h{rLO32/d4
暑い,あつい,熱（參考天氣），溫暖,Genki Genki_Ln.5 Intermediate_Japanese Intermediate_Japanese_Ln.4 JLPT JLPT_5 JLPT_N5,"gSl8i,<}^I"
熱い,あつい,熱（對象）,Genki Genki_Ln.5 JLPT JLPT_5 JLPT_N5,Gy7fB=0YXx
厚い,あつい,善良，溫暖（心臟），濃密，深,JLPT JLPT_5 JLPT_N5,v[2GvOysf?
あっち,あっち,在那邊,JLPT JLPT_5 JLPT_N5,Pv=fA$Z6K5
後,あと,之後（以後）；將來;其餘的部分;自那以後,Genki Genki_Ln.18 JLPT JLPT_2 JLPT_3 JLPT_5 JLPT_N5,"r-[yF55!,-"
あなた,あなた,你,Genki Genki_Ln.4 JLPT JLPT_5 JLPT_N5,"dwd.i?n%,!"
兄,あに,（我的）哥哥（謙虛）,Genki Genki_Ln.14 JLPT JLPT_5 JLPT_N5,L}%Kue=51s
姉,あね,（我的）姐姐（謙虛）,Genki Genki_Ln.7 JLPT JLPT_5 JLPT_N5,IX6p9}CO.e
アパート,アパート,公寓（Abbr。）,Genki Genki_Ln.7 JLPT JLPT_5 JLPT_N5,wZ/2ki)d+f
あの,あの,那邊這樣，那樣；嗯...,JLPT JLPT_4 JLPT_5 JLPT_N5,B2LX%goFyX
浴びる,あびる,洗澡，淋浴,JLPT JLPT_3 JLPT_5 JLPT_N5,b2.2F3UI=#
危ない,あぶない,危險，批評,Intermediate_Japanese Intermediate_Japanese_Ln.15 JLPT JLPT_5 JLPT_N5,kjgRC;INvI
甘い,あまい,慷慨，甜美,Genki Genki_Ln.12 JLPT JLPT_5 JLPT_N5,jcM!HlCL`<
余り,あまり,不是很剩餘,JLPT JLPT_3 JLPT_5 JLPT_N5,"l$B(J(k,y1"
雨,あめ,雨,Genki Genki_Ln.8 JLPT JLPT_5 JLPT_N5,PaXlv})<8_
飴,あめ,（硬）糖果,JLPT JLPT_5 JLPT_N5,v}dp1l^X:W
洗う,あらう,洗,Genki Genki_Ln.8 Intermediate_Japanese Intermediate_Japanese_Ln.10 JLPT JLPT_5 JLPT_N5,H=[cc$xhzR
在る,ある,是，有,JLPT JLPT_3 JLPT_5 JLPT_N5,w$Yz{uB@-`
有る,ある,是，有,JLPT JLPT_3 JLPT_5 JLPT_N5,v`6i&kQMJj
歩く,あるく,走路,Genki Genki_Ln.20 Intermediate_Japanese Intermediate_Japanese_Ln.1 JLPT JLPT_5 JLPT_N5,"Kkagn,fSTU"
あれ,あれ,那個（那邊）,Genki Genki_Ln.2 JLPT JLPT_5 JLPT_N5,Co(PaI(^/_
いい; よい,いい; よい,好的,JLPT JLPT_5 JLPT_N5,O(#?WJE%7H
いいえ,いいえ,不，一點都不,JLPT JLPT_5 JLPT_N5,"iO`r],Af`o"
言う,いう,說,Genki Genki_Ln.8 JLPT JLPT_5 JLPT_N5,iurNhMLEpv
家,いえ,房子，家,Genki Genki_Ln.3 JLPT JLPT_2 JLPT_3 JLPT_5 JLPT_N5,QGc`#y1e97
いかが,いかが,如何以什麼方式,JLPT JLPT_5 JLPT_N5,r5L~xW!JP9
行く,いく; ゆく,去,JLPT JLPT_5 JLPT_N5,kJnXhXxW0)
いくつ,いくつ,幾個，幾歲,JLPT JLPT_3 JLPT_5 JLPT_N5,mxf9)ZwbLi
いくら,いくら,多少，多少,Genki Genki_Ln.2 JLPT JLPT_3 JLPT_5 JLPT_N5,G7]VF2LkZL
池,いけ,池塘,JLPT JLPT_5 JLPT_N5,"u8]?l[G,7&"
医者,いしゃ,醫生;醫師,Genki Genki_Ln.1 Genki_Ln.10 Intermediate_Japanese Intermediate_Japanese_Ln.12 JLPT JLPT_5 JLPT_N5,"f&|8.,xzY9"
椅子,いす,椅子,JLPT JLPT_3 JLPT_5 JLPT_N5,Nxw^e{dZp(
忙しい,いそがしい,忙（人們，日子）,Genki Genki_Ln.5 JLPT JLPT_5 JLPT_N5,pTORshR]m|
痛い,いたい,傷害;痛苦;瘡,Genki Genki_Ln.12 Intermediate_Japanese Intermediate_Japanese_Ln.5 JLPT JLPT_5 JLPT_N5,O@@jk^&oQ8
一,いち,一,JLPT JLPT_3 JLPT_5 JLPT_N5,C57gy_Lcmo
一日,いちにち,一天（持續時間）,Genki Genki_Ln.13 JLPT JLPT_5 JLPT_N5,Q/Fb^F]yhk
一番,いちばん,最好的（大多數），第一，第一,Genki Genki_Ln.10 Intermediate_Japanese Intermediate_Japanese_Ln.3 JLPT JLPT_3 JLPT_5 JLPT_N5,y&ds7j((mb
いつ,いつ,什麼時候,Genki Genki_Ln.3 JLPT JLPT_2 JLPT_5 JLPT_N5,oGX1~x%YQo
五日,いつか,五天；該月的第五天,Genki Genki_Ln.13 JLPT JLPT_3 JLPT_5 JLPT_N5,iii]i;bYjg
一緒,いっしょ,一起,Intermediate_Japanese Intermediate_Japanese_Ln.7 JLPT JLPT_5 JLPT_N5,D>uK5dFJy^
五つ,いつつ,五件事,Genki Genki_Ln.9 JLPT JLPT_5 JLPT_N5,Q!*H:Q_rHO
いつも,いつも,總是，通常每次，永遠不會（用neg。動詞）,Genki Genki_Ln.12 JLPT JLPT_3 JLPT_5 JLPT_N5,BM|Xrf53.p
犬,いぬ,狗,Genki Genki_Ln.4 JLPT JLPT_5 JLPT_N5,"ktH(<>,fX+"
今,いま,現在,Genki Genki_Ln.1 JLPT JLPT_3 JLPT_5 JLPT_N5,N{Ld-iFO]H
意味,いみ,含義，意義,Genki Genki_Ln.12 Intermediate_Japanese Intermediate_Japanese_Ln.2 JLPT JLPT_5 JLPT_N5,xQ(-U#d9Tp
妹,いもうと,妹妹（謙虛）,Genki Genki_Ln.1 Genki_Ln.7 JLPT JLPT_5 JLPT_N5,BL_XI^txw+
嫌,いや,不愉快，可惡，不愉快,JLPT JLPT_3 JLPT_5 JLPT_N5,pj6@51cCNZ
入口,いりぐち,入口,JLPT JLPT_5 JLPT_N5,"E5~,8$6,oj"
居る,いる,（謙虛）是（動畫），存在,JLPT JLPT_5 JLPT_N5,wfzvV]4NOO
要る,いる,需要,JLPT JLPT_5 JLPT_N5,j|TF$iBC;9
入れる,いれる,放入,JLPT JLPT_5 JLPT_N5,swmy/(v]Eb
色,いろ,顏色,Genki Genki_Ln.9 Intermediate_Japanese Intermediate_Japanese_Ln.9 JLPT JLPT_5 JLPT_N5,"Epa;v6=%P,"
色々,いろいろ,各種各樣的,JLPT JLPT_5 JLPT_N5,jV7cB[WgxE
上,うえ,上方（上，頂部等），在上面,JLPT JLPT_2 JLPT_5 JLPT_N5,"j3j@,T!uH>"
後ろ,うしろ,後部，後面，後部,JLPT JLPT_3 JLPT_5 JLPT_N5,s:DnwS1iNM
薄い,うすい,薄，虛弱,JLPT JLPT_3 JLPT_5 JLPT_N5,pRrb<$bzH|
歌,うた,一首歌,Genki Genki_Ln.7 JLPT JLPT_5 JLPT_N5,JJN9**Hn8A
歌う,うたう,唱歌,Genki Genki_Ln.7 Intermediate_Japanese Intermediate_Japanese_Ln.7 JLPT JLPT_5 JLPT_N5,AN4yH;7MHR
うち,うち,家;房子;我的地方,Genki Genki_Ln.3 JLPT JLPT_3 JLPT_5 JLPT_N5,u5l2?%hKEd
生まれる,うまれる,出生,JLPT JLPT_3 JLPT_5 JLPT_N5,i{d6CiQ#iK
海,うみ,海灘,Genki Genki_Ln.5 JLPT JLPT_5 JLPT_N5,Cla&e~|Y6P
売る,うる,出售（V.T.）,Genki Genki_Ln.15 Intermediate_Japanese Intermediate_Japanese_Ln.6 JLPT JLPT_3 JLPT_5 JLPT_N5,nqk=gYOr|$
うるさい,うるさい,嘈雜;惱人的,Genki Genki_Ln.22 JLPT JLPT_3 JLPT_5 JLPT_N5,fsH/V)BWD4
上着,うわぎ,外套，夾克,JLPT JLPT_5 JLPT_N5,nv?u]<OhhN
絵,え,一幅畫；圖片；圖紙,Genki Genki_Ln.15 JLPT JLPT_3 JLPT_5 JLPT_N5,E6H3mWmPF1
映画,えいが,電影，電影,Genki Genki_Ln.3 Intermediate_Japanese Intermediate_Japanese_Ln.7 JLPT JLPT_5 JLPT_N5,Q842_8x`<%
映画館,えいがかん,電影院，電影院,Genki Genki_Ln.15 JLPT JLPT_5 JLPT_N5,tKa%gU>tYk
英語,えいご,英語）,Genki Genki_Ln.1 JLPT JLPT_5 JLPT_N5,l~kTfp|Na~
ええ,ええ,是的,Genki Genki_Ln.1 JLPT JLPT_5 JLPT_N5,K4f;DsCIdC
駅,えき,車站,Genki Genki_Ln.10 JLPT JLPT_5 JLPT_N5,EP[wTa2Y![
エレベーター,エレベーター,電梯,JLPT JLPT_2 JLPT_5 JLPT_N5,GomZ-xrho6
～円,～えん,日元,JLPT JLPT_5 JLPT_N5,"rY,[_6)@&p"
鉛筆,えんぴつ,鉛筆,Genki Genki_Ln.2 JLPT JLPT_5 JLPT_N5,ArKUTnLoi2
お～,お～,光榮〜（榮譽）,JLPT JLPT_5 JLPT_N5,Q1z/@I6[X=
美味しい,おいしい,美味，美味,JLPT JLPT_5 JLPT_N5,f%Oz)hC{aH
多い,おおい,許多;有很多,Intermediate_Japanese Intermediate_Japanese_Ln.1 JLPT JLPT_5 JLPT_N5,CS_ZJ+i5[)
大きい,おおきい,大，大,Genki Genki_Ln.5 JLPT JLPT_5 JLPT_N5,N*s[nF-<Om
大きな,おおきな,大的,JLPT JLPT_5 JLPT_N5,"C@,$F5(H&S"
大勢,おおぜい,很多人,JLPT JLPT_5 JLPT_N5,d_f[=H{F{<
お母さん,おかあさん,母親（正式）,Genki Genki_Ln.1 Genki_Ln.2 JLPT JLPT_5 JLPT_N5,JmU7?0Aw7)
お菓子,おかし,糖果，糖果，小吃,Genki Genki_Ln.11 JLPT JLPT_5 JLPT_N5,iY2$$8!fW<
お金,おかね,錢,Genki Genki_Ln.6 JLPT JLPT_5 JLPT_N5,uh%`nh}D?M
起きる,おきる,起床（例如，睡覺）；發生,Genki Genki_Ln.3 Intermediate_Japanese Intermediate_Japanese_Ln.12 JLPT JLPT_3 JLPT_5 JLPT_N5,i~#f<a525w
置く,おく,放置；躺放置,Genki Genki_Ln.21 JLPT JLPT_3 JLPT_5 JLPT_N5,"KTJ,/<Sfw7"
奥さん,おくさん,（別人的）妻子（榮譽）,Genki Genki_Ln.14 Intermediate_Japanese Intermediate_Japanese_Ln.9 JLPT JLPT_5 JLPT_N5,raj<Z6u7R]
お酒,おさけ,清酒酒精,Genki Genki_Ln.3 JLPT JLPT_5 JLPT_N5,BPnYG]G`g3
お皿,おさら,盤子，盤子,JLPT JLPT_5 JLPT_N5,"lNBs!SV,D!"
伯父; 叔父さん,おじさん,叔叔，中年男人,JLPT JLPT_5 JLPT_N5,s$4&3o9W|{
おじいさん,おじいさん,祖父，男性老年人,Genki Genki_Ln.13 JLPT JLPT_3 JLPT_5 JLPT_N5,OnBGSorIYO
教える,おしえる,教，告知，指導,Intermediate_Japanese Intermediate_Japanese_Ln.1 JLPT JLPT_5 JLPT_N5,&(rx8HabP
押す,おす,推動，按下，蓋章（例如，護照）,Genki Genki_Ln.18 JLPT JLPT_5 JLPT_N5,O7S.k1^4+9
遅い,おそい,慢的; （要）遲到,Genki Genki_Ln.10 Intermediate_Japanese Intermediate_Japanese_Ln.11 JLPT JLPT_5 JLPT_N5,e`TVG4aTiS
お茶,おちゃ,（綠茶,Genki Genki_Ln.3 Intermediate_Japanese Intermediate_Japanese_Ln.6 JLPT JLPT_5 JLPT_N5,"o|6tDcd,cL"
お手洗い,おてあらい,廁所，洗手間，浴室（點燃，一個洗手的地方）,Genki Genki_Ln.2 Intermediate_Japanese Intermediate_Japanese_Ln.13 JLPT JLPT_5 JLPT_N5,jX+//z~!X8
お父さん,おとうさん,父親（正式）,Genki Genki_Ln.1 Genki_Ln.2 JLPT JLPT_5 JLPT_N5,Kh?V(6)C|2
弟,おとうと,弟弟,Genki Genki_Ln.1 Genki_Ln.7 JLPT JLPT_5 JLPT_N5,"ht,o]F,GkV"
男,おとこ,男人，男性,Genki Genki_Ln.17 JLPT JLPT_5 JLPT_N5,QC9-<k]D|G
男の子,おとこのこ,男生,Genki Genki_Ln.11 JLPT JLPT_5 JLPT_N5,mDCUq=3c&Y
一昨日,おととい,昨天的前一天,Genki Genki_Ln.19 JLPT JLPT_5 JLPT_N5,n^WNNS^t5D
おととし,おととし,前一年,JLPT JLPT_5 JLPT_N5,"i$lVvl^Y,~"
大人,おとな,成人,Genki Genki_Ln.13 JLPT JLPT_5 JLPT_N5,F~j9Wag0^x
お腹,おなか,胃,JLPT JLPT_3 JLPT_5 JLPT_N5,GVf+XC=Lx4
同じ,おなじ,同樣，相同,Genki Genki_Ln.14 Intermediate_Japanese Intermediate_Japanese_Ln.1 JLPT JLPT_5 JLPT_N5,FT1U+`d~$u
お兄さん,おにいさん,（別人的）哥哥（正式）,Genki Genki_Ln.1 Genki_Ln.7 Intermediate_Japanese Intermediate_Japanese_Ln.4 JLPT JLPT_5 JLPT_N5,c-e]c9shpL
お姉さん,おねえさん,姐姐（正式）,Genki Genki_Ln.1 Genki_Ln.7 JLPT JLPT_5 JLPT_N5,"Q,2s6~F,9F"
伯母さん; 叔母さん,おばさん,阿姨,JLPT JLPT_5 JLPT_N5,fk]_fvvw.h
おばあさん,おばあさん,祖母，女高級公民,Genki Genki_Ln.6 JLPT JLPT_5 JLPT_N5,K7L64Zdx7D
お風呂,おふろ,洗澡,JLPT_N5,btJ^oH!>Ob
お弁当,おべんとう,盒裝午餐,Genki Genki_Ln.9 JLPT JLPT_5 JLPT_N5,ou=Mxez95b
覚える,おぼえる,學習，承諾記憶，記住，記住,Intermediate_Japanese Intermediate_Japanese_Ln.2 JLPT JLPT_5 JLPT_N5,k*NiP6Je8n
おまわりさん,おまわりさん,警察（友好任期）,JLPT JLPT_5 JLPT_N5,kI/erxg?st
重い,おもい,重的;嚴肅的,Genki Genki_Ln.20 JLPT JLPT_3 JLPT_5 JLPT_N5,n(}tZ@Uv29
面白い,おもしろい,有趣，有趣,Genki Genki_Ln.5 Intermediate_Japanese Intermediate_Japanese_Ln.4 JLPT JLPT_5 JLPT_N5,"J&$%9x,#?>"
泳ぐ,およぐ,游泳,Genki Genki_Ln.5 JLPT JLPT_5 JLPT_N5,bxmTHH/R3s
降りる,おりる,下車,JLPT JLPT_3 JLPT_5 JLPT_N5,hM4FhZWg_/
終る,おわる,完成，關閉,JLPT JLPT_5 JLPT_N5,D_J6!H@vf*
音楽,おんがく,音樂,Genki Genki_Ln.3 Intermediate_Japanese Intermediate_Japanese_Ln.3 JLPT JLPT_5 JLPT_N5,fcOO[?V993
女,おんな,女人，女,Genki Genki_Ln.17 JLPT JLPT_5 JLPT_N5,d3!7^Z7+&i
女の子,おんなのこ,女孩,Genki Genki_Ln.11 JLPT JLPT_5 JLPT_N5,n^ma[3kYmi
～回,～かい,櫃檯發生（〜Times）,JLPT JLPT_1 JLPT_5 JLPT_N5,dwW`SX||PF
～階,～かい,建築物的故事（地板）的櫃檯,JLPT JLPT_4 JLPT_5 JLPT_N5,x]4mRhDP?0
外国,がいこく,外國;國外,Genki Genki_Ln.11 Intermediate_Japanese Intermediate_Japanese_Ln.6 JLPT JLPT_5 JLPT_N5,K:<1s^}$O$
外国人,がいこくじん,外國人,Genki Genki_Ln.15 JLPT JLPT_5 JLPT_N5,mxObbkK7.-
会社,かいしゃ,公司，公司,Genki Genki_Ln.7 JLPT JLPT_5 JLPT_N5,owc{ezB4?4
階段,かいだん,樓梯,JLPT JLPT_5 JLPT_N5,"ui<=#{,<U^"
買い物,かいもの,購物,Genki Genki_Ln.4 JLPT JLPT_5 JLPT_N5,uV:`-T%Eq~
買う,かう,買,JLPT JLPT_3 JLPT_5 JLPT_N5,Q.3jlQZyvW
返す,かえす,歸還東西,JLPT JLPT_3 JLPT_5 JLPT_N5,b+[+YOY+dv
帰る,かえる,回去，回家，返回,Intermediate_Japanese Intermediate_Japanese_Ln.1 JLPT JLPT_3 JLPT_5 JLPT_N5,HBCAN.he?j
顔,かお,臉（身體部位）,Genki Genki_Ln.10 Intermediate_Japanese Intermediate_Japanese_Ln.2 JLPT JLPT_3 JLPT_5 JLPT_N5,MGLL{4`mK@
かかる,かかる,這需要（金錢的時間）（v.i。）,Genki Genki_Ln.10 Intermediate_Japanese Intermediate_Japanese_Ln.1 JLPT JLPT_3 JLPT_5 JLPT_N5,yajlZ<1W@=
鍵,かぎ,鎖；鑰匙,Genki Genki_Ln.17 JLPT JLPT_3 JLPT_5 JLPT_N5,CBifo1C?=d
書く,かく,寫,JLPT JLPT_3 JLPT_5 JLPT_N5,ytOa}oy+zO
学生,がくせい,學生,Genki Genki_Ln.1 JLPT JLPT_5 JLPT_N5,"JC,(K4dD=="
～か月,～かげつ,（數月數）,JLPT JLPT_5 JLPT_N5,p^^qFJHF)[
掛ける,かける,穿上（例如，眼鏡）；掛（例如，在牆上）,JLPT JLPT_3 JLPT_4 JLPT_5 JLPT_N5,J@I.fZoEvE
かける,かける,撥打/致電（例如，電話）;坐下,Genki Genki_Ln.19 JLPT JLPT_3 JLPT_4 JLPT_5 JLPT_N5,j[@hZ&;%2u
傘,かさ,繖形傘,Genki Genki_Ln.2 JLPT JLPT_5 JLPT_N5,p_LV=Cf?pc
貸す,かす,借,Intermediate_Japanese Intermediate_Japanese_Ln.3 JLPT JLPT_5 JLPT_N5,yag&XA]F86
風,かぜ,風，微風,Genki Genki_Ln.22 JLPT JLPT_5 JLPT_N5,wPz(SGuAqF
風邪,かぜ,感冒，流感,Genki Genki_Ln.12 JLPT JLPT_5 JLPT_N5,"G#zadB[Bd,"
方,かた,- 人（ひと）的榮譽形式 - ;做的方式,Intermediate_Japanese Intermediate_Japanese_Ln.4 JLPT JLPT_3 JLPT_4 JLPT_5 JLPT_N5,GtdTiap.Os
家族,かぞく,家庭，家庭成員,Genki Genki_Ln.7 Intermediate_Japanese Intermediate_Japanese_Ln.1 JLPT JLPT_5 JLPT_N5,jwBW:Yf?[N
片仮名,かたかな,卡塔卡納,JLPT JLPT_5 JLPT_N5,y%B]18.T{|
～月,～がつ,一年,JLPT JLPT_5 JLPT_N5,x[qBqm:mer
学校,がっこう,一所學校,Genki Genki_Ln.3 JLPT JLPT_5 JLPT_N5,jMUlk]n4bL
カップ,カップ,杯子,JLPT JLPT_1 JLPT_5 JLPT_N5,N>J.3DDIIf
家庭,かてい,家;家庭,Intermediate_Japanese Intermediate_Japanese_Ln.3 JLPT JLPT_3 JLPT_5 JLPT_N5,K=/LkA^bE5
角,かど,角（例如，桌子，人行道）,Genki Genki_Ln.20 JLPT JLPT_5 JLPT_N5,NblB:vgsi`
かばん,かばん,袋子，籃子,Genki Genki_Ln.2 JLPT JLPT_5 JLPT_N5,M4T~@ehWYB
花瓶,かびん,（花）花瓶,JLPT JLPT_5 JLPT_N5,m<:4xC~U|%
かぶる,かぶる,穿著，穿上（例如，頭上的帽子）,Genki Genki_Ln.7 JLPT JLPT_3 JLPT_5 JLPT_N5,"v~,/++9.ks"
紙,かみ,紙,Genki Genki_Ln.17 JLPT JLPT_3 JLPT_5 JLPT_N5,BZj5w]P?W@
カメラ,カメラ,相機,Genki Genki_Ln.8 JLPT JLPT_5 JLPT_N5,m@gkXGnk1!
火曜日,かようび,週二,Genki Genki_Ln.4 JLPT JLPT_5 JLPT_N5,rx9;D%FE+1
辛い,からい,熱又辣；咸,Genki Genki_Ln.13 JLPT JLPT_5 JLPT_N5,EjaGe<]5<&
体,からだ,身體;健康,Genki Genki_Ln.23 Intermediate_Japanese Intermediate_Japanese_Ln.4 JLPT JLPT_5 JLPT_N5,x=d[R_7msH
借りる,かりる,借錢，欠,JLPT JLPT_5 JLPT_N5,EV_.CiOUqY
～がる,～がる,感覺,JLPT JLPT_5 JLPT_N5,e--3P:#0au
軽い,かるい,輕巧，非嚴重，次要,JLPT JLPT_5 JLPT_N5,"Q?,F=N/]i*"
カレー,カレー,咖哩（咖哩和大米）,Genki Genki_Ln.13 JLPT JLPT_1 JLPT_5 JLPT_N5,l)iLA}_6t!
カレンダー,カレンダー,日曆,JLPT JLPT_5 JLPT_N5,"H,vNs@Ml~$"
川; 河,かわ,河,JLPT JLPT_3 JLPT_5 JLPT_N5,QzV_(D2VAO
～側,～がわ,〜一面,JLPT_N5,ks2wGx4U0-
可愛い,かわいい,可愛，可愛,JLPT JLPT_5 JLPT_N5,"cM$xbG,Do&"
漢字,かんじ,漢字；漢字,Genki Genki_Ln.6 Intermediate_Japanese Intermediate_Japanese_Ln.4 JLPT JLPT_3 JLPT_5 JLPT_N5,"yx;[,(ZC<M"
木,き,樹，木材，木材,Genki Genki_Ln.22 JLPT JLPT_5 JLPT_N5,"Pt,~h2%O9J"
黄色,きいろ,黃色的,JLPT JLPT_5 JLPT_N5,c$:@4*e3c*
黄色い,きいろい,黃色的,JLPT JLPT_5 JLPT_N5,yw~rIwG)7I
消える,きえる,消失，消失,Genki Genki_Ln.18 JLPT JLPT_5 JLPT_N5,Hl(tY84I}b
聞く,きく,聽，聽，問,JLPT JLPT_3 JLPT_5 JLPT_N5,CbCe+?lSS(
北,きた,北,Intermediate_Japanese Intermediate_Japanese_Ln.10 JLPT JLPT_5 JLPT_N5,c_4*(T~qY|
ギター,ギター,吉他,Genki Genki_Ln.9 JLPT JLPT_5 JLPT_N5,gl.RMMgxvn
汚い,きたない,骯髒，不潔，骯髒,Genki Genki_Ln.16 JLPT JLPT_5 JLPT_N5,gA&c1.)X%=
喫茶店,きっさてん,咖啡店,Genki Genki_Ln.2 Intermediate_Japanese Intermediate_Japanese_Ln.11 JLPT JLPT_5 JLPT_N5,b3?(}lhy[4
切手,きって,郵政郵票,Genki Genki_Ln.5 Intermediate_Japanese Intermediate_Japanese_Ln.3 JLPT JLPT_5 JLPT_N5,GZ2eU+7^)f
切符,きっぷ,票,Genki Genki_Ln.5 Intermediate_Japanese Intermediate_Japanese_Ln.10 JLPT JLPT_5 JLPT_N5,i@ntG+Gt0l
昨日,きのう,昨天,Genki Genki_Ln.4 JLPT JLPT_3 JLPT_5 JLPT_N5,"mMKJxv#,<s"
九,きゅう,九,JLPT JLPT_3 JLPT_5 JLPT_N5,PCz+i!/c^t
牛肉,ぎゅうにく,牛肉,JLPT JLPT_5 JLPT_N5,"HN>QIS,sa)"
牛乳,ぎゅうにゅう,牛奶,Genki Genki_Ln.18 JLPT JLPT_5 JLPT_N5,fkn+n(t~hl
今日,きょう,今天，這一天,Genki Genki_Ln.3 JLPT JLPT_5 JLPT_N5,bCP{!%CS>.
教室,きょうしつ,課堂,Intermediate_Japanese Intermediate_Japanese_Ln.3 JLPT JLPT_5 JLPT_N5,jd>*%:rgPV
兄弟,きょうだい,兄弟姐妹（謙虛），兄弟姐妹,Genki Genki_Ln.7 JLPT JLPT_5 JLPT_N5,tg~Kr0A/Mn
去年,きょねん,去年,Genki Genki_Ln.14 Intermediate_Japanese Intermediate_Japanese_Ln.1 JLPT JLPT_5 JLPT_N5,zrXmT>AI2s
嫌い,きらい,不喜歡,JLPT JLPT_5 JLPT_N5,"qw1}y,Um4C"
切る,きる,切割；掛斷（電話）,Genki Genki_Ln.8 Intermediate_Japanese Intermediate_Japanese_Ln.12 JLPT JLPT_5 JLPT_N5,A;e]B2v]77
着る,きる,穿上（腰上的衣服）；穿,Genki Genki_Ln.7 Intermediate_Japanese Intermediate_Japanese_Ln.9 JLPT JLPT_5 JLPT_N5,g$-Eqb.V#N
綺麗,きれい,漂亮，乾淨，整潔,JLPT JLPT_5 JLPT_N5,y:f/R>36c4
キロ; キログラム,キロ; キログラム,（Abbr。）千（千克）,JLPT JLPT_3 JLPT_5 JLPT_N5,"v,MI,fa=Pd"
キロ; キロメートル,キロ; キロメートル,（Abbr。）公斤（公里）,JLPT JLPT_3 JLPT_5 JLPT_N5,I+%u|o<M9)
銀行,ぎんこう,銀行,Genki Genki_Ln.2 JLPT JLPT_5 JLPT_N5,dJzM6E^Crr
金曜日,きんようび,星期五,Genki Genki_Ln.4 JLPT JLPT_3 JLPT_5 JLPT_N5,H)-<3>G;wq
九,く,九,JLPT JLPT_3 JLPT_5 JLPT_N5,J.@??p5!Es
薬,くすり,藥物,Genki Genki_Ln.9 Intermediate_Japanese Intermediate_Japanese_Ln.12 JLPT JLPT_5 JLPT_N5,e<qA>@afcN
下さい,ください,（使用Te-form動詞）請為我做,JLPT JLPT_5 JLPT_N5,wZXS53y~A
果物,くだもの,水果,Intermediate_Japanese Intermediate_Japanese_Ln.9 JLPT JLPT_5 JLPT_N5,"ff8}}%,}l0"
口,くち,職位開放；嘴,Intermediate_Japanese Intermediate_Japanese_Ln.11 Intermediate_Japanese_Ln.8 JLPT JLPT_5 JLPT_N5,ODcS@5Ag5;
靴,くつ,鞋子，鞋類,Genki Genki_Ln.2 JLPT JLPT_5 JLPT_N5,n}XPqtAFrb
靴下,くつした,襪子,Genki Genki_Ln.23 JLPT JLPT_5 JLPT_N5,"m{wv6,~qH4"
国,くに,國家;產地,Genki Genki_Ln.7 JLPT JLPT_5 JLPT_N5,qu43})1T{b
曇り,くもり,多雲，多雲的天氣,Genki Genki_Ln.12 JLPT JLPT_3 JLPT_5 JLPT_N5,"J%t?_,0ZZ)"
曇る,くもる,變得多雲，變得昏暗,JLPT JLPT_5 JLPT_N5,h68<#-5u4*
暗い,くらい,黑暗，陰暗,JLPT JLPT_3 JLPT_5 JLPT_N5,l[W6inIL/c
～くらい; ぐらい,～くらい; ぐらい,大約（數量）,JLPT JLPT_5 JLPT_N5,i|aE4l1U6h
クラス,クラス,一堂課,Genki Genki_Ln.4 JLPT JLPT_5 JLPT_N5,I|[#&/BoM*
グラム,グラム,克,JLPT JLPT_5 JLPT_N5,wf@~Kdx9Mo
来る,くる,來,JLPT JLPT_5 JLPT_N5,t8%I(!NKuq
車,くるま,汽車，車輛,Genki Genki_Ln.7 JLPT JLPT_5 JLPT_N5,Dp50G3U@L=
黒,くろ,黑色的,JLPT JLPT_5 JLPT_N5,eM3bqzySWE
黒い,くろい,黑色的;黑暗的,Genki Genki_Ln.9 JLPT JLPT_5 JLPT_N5,y`TB7E}KvC
警官,けいかん,警官,JLPT JLPT_5 JLPT_N5,r|k<lg[-^X
今朝,けさ,今晨,Genki Genki_Ln.8 Intermediate_Japanese Intermediate_Japanese_Ln.2 JLPT JLPT_5 JLPT_N5,Ojh!YT%>_O
消す,けす,擦除，刪除，關閉電源,JLPT JLPT_5 JLPT_N5,kyBQ8>]kOz
結構,けっこう,燦爛;足夠容忍,JLPT JLPT_3 JLPT_5 JLPT_N5,OhYc[d+;sX
結婚,けっこん (する),婚姻（結婚）,JLPT JLPT_5 JLPT_N5,yoFb9mQ>xx
月曜日,げつようび,週一,Genki Genki_Ln.4 JLPT JLPT_3 JLPT_5 JLPT_N5,py]#+qmS;#
玄関,げんかん,入口（到房屋或建築物）,Intermediate_Japanese Intermediate_Japanese_Ln.5 JLPT JLPT_4 JLPT_5 JLPT_N5,nzna3U1d%4
元気,げんき,健康（Y），充滿活力,JLPT JLPT_5 JLPT_N5,C6oDoveAM%
～個,～こ,小物品的櫃檯（例如水果，杯子）,JLPT JLPT_2 JLPT_5 JLPT_N5,"L)v,!KJ|+1"
五,ご,五,JLPT JLPT_3 JLPT_5 JLPT_N5,CPX]&C<[AA
～語,～ご,單詞，語言,JLPT JLPT_5 JLPT_N5,OS-NJNma:q
公園,こうえん,公園,Genki Genki_Ln.4 JLPT JLPT_3 JLPT_5 JLPT_N5,"I!nU=ub,Sv"
交差点,こうさてん,路口,JLPT JLPT_5 JLPT_N5,fB2Ek#M/vd
紅茶,こうちゃ,紅茶,Genki Genki_Ln.13 JLPT JLPT_5 JLPT_N5,k->[;qN`>7
交番,こうばん,警察箱,JLPT JLPT_5 JLPT_N5,Opg/[%q+N8
声,こえ,嗓音,Intermediate_Japanese Intermediate_Japanese_Ln.2 JLPT JLPT_5 JLPT_N5,In/Jo>[]?<
コート,コート,外套;法院（例如網球）,JLPT JLPT_5 JLPT_N5,"e4scbA,t~J"
コーヒー,コーヒー,咖啡,Genki Genki_Ln.3 JLPT JLPT_5 JLPT_N5,d<P1^SSa-:
ここ,ここ,在這裡，這個地方,Genki Genki_Ln.4 JLPT JLPT_3 JLPT_5 JLPT_N5,Lq)wtpkam*
午後,ごご,下午，下午,Genki Genki_Ln.1 JLPT JLPT_5 JLPT_N5,C_ZC&#?>G!
九日,ここのか,九天；每月的第九天,Genki Genki_Ln.13 JLPT JLPT_5 JLPT_N5,l7hYJ[~^44
九つ,ここのつ,九件事,Genki Genki_Ln.9 JLPT JLPT_5 JLPT_N5,DvF}1X8pH=
午前,ごぜん,早上，上午,Genki Genki_Ln.1 JLPT JLPT_5 JLPT_N5,ue~BwANA9n
答える,こたえる,回答，回复,JLPT JLPT_5 JLPT_N5,x<$h-)|1km
こちら,こちら,這個人（禮貌）；這種方式（禮貌）,Genki Genki_Ln.11 Genki_Ln.19 JLPT JLPT_5 JLPT_N5,A^:pzWeFGD
こっち,こっち,這個人；這個方向；這一面,JLPT JLPT_4 JLPT_5 JLPT_N5,KZ(~KRGBCG
コップ,コップ,不倒翁；玻璃,Genki Genki_Ln.14 JLPT JLPT_5 JLPT_N5,fS_r5k@$Y6
今年,ことし,今年,Genki Genki_Ln.10 JLPT JLPT_5 JLPT_N5,F4V9w7@Age
言葉,ことば,語言;字）;表達,Genki Genki_Ln.13 Intermediate_Japanese Intermediate_Japanese_Ln.2 JLPT JLPT_5 JLPT_N5,EWtR7eO/R4
子供,こども,孩子們）,Genki Genki_Ln.4 Intermediate_Japanese Intermediate_Japanese_Ln.2 JLPT JLPT_5 JLPT_N5,CU[{wZ(D{$
この,この,這,JLPT JLPT_3 JLPT_5 JLPT_N5,pPsd:zD9O?
御飯,ごはん,米（煮熟）；一頓飯,Genki Genki_Ln.4 JLPT JLPT_5 JLPT_N5,biiyLkNokP
コピーする,コピーする,複製,JLPT JLPT_3 JLPT_5 JLPT_N5,pIfdJ-gQ=x
困る,こまる,困擾，遇到困難,Genki Genki_Ln.16 JLPT JLPT_5 JLPT_N5,QJ1l#P3oS5
これ,これ,這個,Genki Genki_Ln.2 JLPT JLPT_5 JLPT_N5,CY7%/#&PC;
～ころ; ～ごろ,～ころ; ～ごろ,關於，大約（時間）,JLPT JLPT_5 JLPT_N5,ygFZGug3gm
今月,こんげつ,本月,Genki Genki_Ln.8 JLPT JLPT_5 JLPT_N5,m1R02~~j[
今週,こんしゅう,本星期,Genki Genki_Ln.6 JLPT JLPT_5 JLPT_N5,DK9g?(!36`
こんな,こんな,這樣，這樣,JLPT JLPT_5 JLPT_N5,DuEU98EMih
今晩,こんばん,今晚，今晚,Genki Genki_Ln.3 Intermediate_Japanese Intermediate_Japanese_Ln.1 JLPT JLPT_5 JLPT_N5,F3};?W>+5Y
さあ,さあ,現在來,JLPT JLPT_5 JLPT_N5,Ag`@=t><OI
～歳,～さい,〜歲,JLPT JLPT_2 JLPT_5 JLPT_N5,yIt4LQzbb!
財布,さいふ,錢包,Genki Genki_Ln.2 Intermediate_Japanese Intermediate_Japanese_Ln.4 JLPT JLPT_5 JLPT_N5,xwbRMO4c<;
魚,さかな,魚,Genki Genki_Ln.2 JLPT JLPT_5 JLPT_N5,zzI@?Uq@Z[
先,さき,未來;最近，以前,JLPT JLPT_5 JLPT_N5,tGm0X7=@hF
咲く,さく,綻放,Genki Genki_Ln.18 JLPT JLPT_3 JLPT_5 JLPT_N5,F>Pt~gStbR
作文,さくぶん,散文;作品,Genki Genki_Ln.9 JLPT JLPT_5 JLPT_N5,fOn$od$Eoc
差す,さす,舉起（伸出）手，抬起（例如，傘）,JLPT JLPT_3 JLPT_5 JLPT_N5,b|c|&{UKxH
～冊,～さつ,櫃檯書籍,JLPT JLPT_5 JLPT_N5,DJ:3n{-XN%
雑誌,ざっし,雜誌，日記,Genki Genki_Ln.3 Intermediate_Japanese Intermediate_Japanese_Ln.8 JLPT JLPT_5 JLPT_N5,gVzfIhXfBF
砂糖,さとう,糖,Genki Genki_Ln.16 JLPT JLPT_5 JLPT_N5,M]8mQGX#}E
寒い,さむい,冷（參考天氣）,Genki Genki_Ln.5 Intermediate_Japanese Intermediate_Japanese_Ln.2 JLPT JLPT_5 JLPT_N5,x@[mMxA?Z}
さ来年,さらいねん,接下來的一年,JLPT JLPT_5 JLPT_N5,C4/Z2oi:V>
～さん,～さん,〜先生，〜女士,JLPT JLPT_2 JLPT_5 JLPT_N5,i|L#.MVmNG
三,さん,三,JLPT JLPT_5 JLPT_N5,jB}%X}YQ)P
散歩,さんぽ (する),步行，漫步,JLPT JLPT_3 JLPT_5 JLPT_N5,C7E%FY>8|T
四,し,四個,JLPT JLPT_3 JLPT_5 JLPT_N5,q%G#*K^0R+
～時,～じ,〜o'Clock（時間）,JLPT JLPT_1 JLPT_5 JLPT_N5,m]7PVW-h[^
塩,しお,鹽,JLPT JLPT_5 JLPT_N5,mQXb>=tTk}
しかし,しかし,然而;但,Intermediate_Japanese Intermediate_Japanese_Ln.3 JLPT JLPT_5 JLPT_N5,g2(en9wt=#
時間,じかん,時間,Genki Genki_Ln.14 JLPT JLPT_2 JLPT_5 JLPT_N5,rl<d#jP#zf
～時間,～じかん,〜小時,JLPT JLPT_5 JLPT_N5,PfD-$$uDhD
仕事,しごと,工作，工作，職業，就業,Genki Genki_Ln.1 Genki_Ln.8 JLPT JLPT_5 JLPT_N5,BpR$XStq*~
辞書,じしょ,字典,Genki Genki_Ln.2 JLPT JLPT_5 JLPT_N5,Ls?+XP<x!7
静か,しずか,安靜，平靜,JLPT JLPT_5 JLPT_N5,P>BDZl[pK4
下,した,在下面，下方，下方,JLPT JLPT_3 JLPT_5 JLPT_N5,j8V7%&V*V9
七,しち,七,JLPT JLPT_3 JLPT_5 JLPT_N5,d9Ei.i(]l3
質問,しつもん,問題，詢問,Intermediate_Japanese Intermediate_Japanese_Ln.2 JLPT JLPT_5 JLPT_N5,hbG&tzjk([
自転車,じてんしゃ,自行車,Genki Genki_Ln.2 JLPT JLPT_5 JLPT_N5,cQ/jE!IBMW
自動車,じどうしゃ,汽車,JLPT JLPT_5 JLPT_N5,s>B81r@vvP
死ぬ,しぬ,死,Genki Genki_Ln.6 JLPT JLPT_5 JLPT_N5,DTv8zMSE:A
字引,じびき,字典,JLPT JLPT_5 JLPT_N5,"q(KV,tLbs@"
自分,じぶん,我自己，自己,Genki Genki_Ln.17 Intermediate_Japanese Intermediate_Japanese_Ln.1 JLPT JLPT_5 JLPT_N5,PVgO:!yY%&
閉まる,しまる,關閉，關閉,JLPT JLPT_5 JLPT_N5,gcQz%z-FEM
閉める,しめる,關閉，關閉,JLPT JLPT_3 JLPT_5 JLPT_N5,gf.^6?5[K1
締める,しめる,領帶，固定，擰緊,JLPT JLPT_3 JLPT_5 JLPT_N5,zslBUbe/:)
じゃ; じゃあ,じゃ; じゃあ,好吧，那,JLPT JLPT_3 JLPT_5 JLPT_N5,I*;H$6{i?j
写真,しゃしん,圖片；照片,Genki Genki_Ln.4 Intermediate_Japanese Intermediate_Japanese_Ln.4 JLPT JLPT_5 JLPT_N5,uE&XA7mYm9
シャツ,シャツ,襯衫,Genki Genki_Ln.10 JLPT JLPT_5 JLPT_N5,ubVcrQ$8%@
シャワー,シャワー,淋浴,JLPT JLPT_5 JLPT_N5,op46S^HFU7
十,じゅう,十,JLPT JLPT_3 JLPT_5 JLPT_N5,t#RE}A*?;i
～中,～じゅう,在期間,JLPT JLPT_2 JLPT_5 JLPT_N5,GjJjAMMc<N
～週間,～しゅうかん,〜週,JLPT JLPT_5 JLPT_N5,B5/n=cEC&j
授業,じゅぎょう,一堂課,Genki Genki_Ln.11 Intermediate_Japanese Intermediate_Japanese_Ln.3 JLPT JLPT_2 JLPT_5 JLPT_N5,In^9^.q{~0
宿題,しゅくだい,家庭作業,Genki Genki_Ln.5 Intermediate_Japanese Intermediate_Japanese_Ln.1 JLPT JLPT_5 JLPT_N5,PE;OT+iIoY
上手,じょうず,擅長,JLPT JLPT_5 JLPT_N5,zE7uPe$TPk
丈夫,じょうぶ,堅固，堅固，耐用,JLPT JLPT_5 JLPT_N5,"rzxPYrs,=L"
醤油,しょうゆ,醬油,Genki Genki_Ln.18 JLPT JLPT_5 JLPT_N5,Cx=6Q3yGAf
食堂,しょくどう,自助餐廳，餐廳,Genki Genki_Ln.7 JLPT JLPT_5 JLPT_N5,q/e+PknS.X
知る,しる,知道，了解,Genki Genki_Ln.7 JLPT JLPT_5 JLPT_N5,jmoS>4h`&Q
白,しろ,白色的,JLPT JLPT_3 JLPT_5 JLPT_N5,?4vV_taj)
白い,しろい,白色的,Genki Genki_Ln.9 JLPT JLPT_5 JLPT_N5,yL-#%FMe~@
～人,～じん,人民的櫃檯,JLPT JLPT_5 JLPT_N5,cRB`piJTT=
新聞,しんぶん,報紙,Genki Genki_Ln.2 JLPT JLPT_5 JLPT_N5,u)<uacY_Qa
水曜日,すいようび,週三,Genki Genki_Ln.4 JLPT JLPT_5 JLPT_N5,kl%)(*`5]a
吸う,すう,呼吸，吮吸,JLPT JLPT_3 JLPT_5 JLPT_N5,wwi3CXCv2|
スカート,スカート,裙子,Genki Genki_Ln.18 JLPT JLPT_5 JLPT_N5,NE$eFg+K&Y
好き,すき,喜歡，喜愛，愛,JLPT JLPT_5 JLPT_N5,B}kz{&9>=0
～すぎ,～すぎ,過去的;超過〜太多,JLPT JLPT_5 JLPT_N5,D/A*oT1;-^
少ない,すくない,一點;幾個,Genki Genki_Ln.17 JLPT JLPT_5 JLPT_N5,O}E#|bt5>=
すぐに,すぐに,立即，很快,JLPT JLPT_5 JLPT_N5,c+_z#9>We^
少し,すこし,很少，很少,Genki Genki_Ln.21 JLPT JLPT_5 JLPT_N5,LEWblI/l<)
涼しい,すずしい,涼爽，令人耳目一新（參考天氣）,Genki Genki_Ln.10 JLPT JLPT_5 JLPT_N5,y%0&)B2:*;
～ずつ,～ずつ,一次,JLPT JLPT_5 JLPT_N5,e7*dq)(1^5
ストーブ,ストーブ,加熱器（點燃：爐子）,Genki Genki_Ln.17 JLPT JLPT_5 JLPT_N5,xw_f78(-:7
スプーン,スプーン,湯匙,JLPT JLPT_5 JLPT_N5,FjQLk(n?P#
スポーツ,スポーツ,運動的）,Genki Genki_Ln.3 JLPT JLPT_5 JLPT_N5,F^wO!?E%?^
ズボン,ズボン,褲子,JLPT JLPT_5 JLPT_N5,"FU-<z{1,6("
住む,すむ,居住，生活,JLPT JLPT_3 JLPT_5 JLPT_N5,ym>?}%jeF+
する,する,做，嘗試；穿小物品（例如，領帶，手錶等）,Genki Genki_Ln.17 JLPT JLPT_3 JLPT_5 JLPT_N5,"LT|A_z,G+T"
座る,すわる,坐著,JLPT JLPT_5 JLPT_N5,dn)bcr6wXa
背,せい,（一個人）身高,Intermediate_Japanese Intermediate_Japanese_Ln.4 JLPT JLPT_3 JLPT_5 JLPT_N5,xQDy{9R)S2
生徒,せいと,學生;瞳孔,Intermediate_Japanese Intermediate_Japanese_Ln.5 JLPT JLPT_5 JLPT_N5,c2wTXo?)*o
セーター,セーター,毛衣,Genki Genki_Ln.13 JLPT JLPT_5 JLPT_N5,NSeOhKH2D6
石鹸,せっけん,肥皂,JLPT JLPT_5 JLPT_N5,tY/1~r6Mz5
背広,せびろ,男士西裝,Intermediate_Japanese Intermediate_Japanese_Ln.9 JLPT JLPT_5 JLPT_N5,w`:i7/YHYU
狭い,せまい,狹窄的;不寬敞,Genki Genki_Ln.12 Intermediate_Japanese Intermediate_Japanese_Ln.15 JLPT JLPT_5 JLPT_N5,yDZurM]5mn
ゼロ,ゼロ,零,JLPT JLPT_5 JLPT_N5,G~4~zg|xJJ
千,せん,千,JLPT JLPT_5 JLPT_N5,IvU;IZmo9!
先月,せんげつ,上個月,Genki Genki_Ln.9 Intermediate_Japanese Intermediate_Japanese_Ln.1 JLPT JLPT_5 JLPT_N5,RcD!zS6[>I
先週,せんしゅう,上星期,Genki Genki_Ln.4 JLPT JLPT_5 JLPT_N5,EbyugR;^Rz
先生,せんせい,老師，教授；掌握;醫生,Genki Genki_Ln.1 JLPT JLPT_5 JLPT_N5,A`19t`6J6t
洗濯,せんたく,洗衣服,Intermediate_Japanese Intermediate_Japanese_Ln.11 JLPT JLPT_3 JLPT_5 JLPT_N5,vQ&mbAJqN7
全部,ぜんぶ,全部，整個,Genki Genki_Ln.13 Intermediate_Japanese Intermediate_Japanese_Ln.3 JLPT JLPT_5 JLPT_N5,MgJu@!Fk&_
そう; そうです,そう; そうです,是的;似乎是這樣,JLPT JLPT_5 JLPT_N5,kkfDg[|_Yb
掃除,そうじ (する),清潔，清掃,JLPT JLPT_3 JLPT_5 JLPT_N5,LKKhbs9g8/
そうして; そして,そうして; そして,這樣,JLPT JLPT_5 JLPT_N5,C/Lx0#`!+J
そこ,そこ,那個地方，那裡；底部，唯一,Genki Genki_Ln.4 JLPT JLPT_2 JLPT_3 JLPT_5 JLPT_N5,v56KFY.>v@
そちら,そちら,在那邊,JLPT JLPT_5 JLPT_N5,xbjis~A;+*
そっち,そっち,在那邊,JLPT JLPT_5 JLPT_N5,#PXdxM^5L
外,そと,外面，外部,Genki Genki_Ln.18 Intermediate_Japanese Intermediate_Japanese_Ln.2 JLPT JLPT_5 JLPT_N5,AFB3>g85F]
その,その,那,JLPT JLPT_3 JLPT_5 JLPT_N5,C2OIF=[)E_
そば,そば,靠近，靠近，旁邊；日本傳統的蕎麥麵,Genki Genki_Ln.15 JLPT JLPT_3 JLPT_5 JLPT_N5,M)]t*`<F@c
空,そら,天空,JLPT JLPT_5 JLPT_N5,D.6b;1{88^
それ,それ,那個,Genki Genki_Ln.2 JLPT JLPT_3 JLPT_5 JLPT_N5,t%n)3@@XX+
それから,それから,然後，之後,Intermediate_Japanese Intermediate_Japanese_Ln.1 JLPT JLPT_5 JLPT_N5,sV(hn]KLzr
それでは,それでは,在這種情況下，那就...,JLPT JLPT_5 JLPT_N5,"v[]T|jw&,["
～台,～だい,車輛的櫃檯；機器,JLPT JLPT_5 JLPT_N5,ztM0ejgNN~
大学,だいがく,大學;大學,Genki Genki_Ln.1 JLPT JLPT_5 JLPT_N5,kHyc<WfmUQ
大使館,たいしかん,大使館,JLPT JLPT_5 JLPT_N5,"n?Lz{tQ,#T"
大丈夫,だいじょうぶ,沒關係（好的）；無需擔心；一切都在控制,Genki Genki_Ln.5 Intermediate_Japanese Intermediate_Japanese_Ln.3 JLPT JLPT_5 JLPT_N5,nEIlSJfx#r
大好き,だいすき,非常喜歡，非常喜歡,JLPT JLPT_5 JLPT_N5,"AZ,CM~A,0E"
大切,たいせつ,重要的,JLPT JLPT_5 JLPT_N5,tu70?MYeL5
台所,だいどころ,廚房,JLPT JLPT_5 JLPT_N5,bbB25MOf:$
大変,たいへん,非常;困難，艱難,JLPT JLPT_3 JLPT_5 JLPT_N5,NIbD<|-[1y
高い,たかい,高，高；昂貴的,Genki Genki_Ln.2 JLPT JLPT_5 JLPT_N5,veG&GbRNS(
～だけ,～だけ,只有〜，只有〜，〜,JLPT JLPT_1 JLPT_5 JLPT_N5,Lcbr*3r3b5
沢山,たくさん,很多，很多,JLPT JLPT_5 JLPT_N5,v7m[:9zL*Y
タクシー,タクシー,計程車,JLPT JLPT_5 JLPT_N5,k8!n/<-@<9
出す,だす,取出（某物）；交給（某物）,Genki Genki_Ln.16 JLPT JLPT_5 JLPT_N5,bt0(EU(<V_
～たち,～たち,複數後綴,JLPT JLPT_5 JLPT_N5,Opbd!87m@p
立つ,たつ,站起來,Genki Genki_Ln.6 JLPT JLPT_3 JLPT_5 JLPT_N5,z+IsiLqO4K
たて,たて,長度，高度,JLPT JLPT_3 JLPT_5 JLPT_N5,L8wVt#MfRS
建物,たてもの,建築,Intermediate_Japanese Intermediate_Japanese_Ln.5 JLPT JLPT_5 JLPT_N5,mty2M&KETp
楽しい,たのしい,愉快，有趣,Genki Genki_Ln.5 JLPT JLPT_5 JLPT_N5,eD~FeZpJXC
頼む,たのむ,要求，詢問（一個忙）,Genki Genki_Ln.18 Intermediate_Japanese Intermediate_Japanese_Ln.3 JLPT JLPT_5 JLPT_N5,zjk+2%xAp%
たばこ,たばこ,煙草，香煙,JLPT JLPT_5 JLPT_N5,y<?W4xcfCN
多分,たぶん,也許，也許也許,Genki Genki_Ln.12 Intermediate_Japanese Intermediate_Japanese_Ln.2 JLPT JLPT_3 JLPT_5 JLPT_N5,pNDK+)ARo
食べ物,たべもの,食物,Genki Genki_Ln.5 JLPT JLPT_5 JLPT_N5,ODKLC3jdI>
食べる,たべる,吃,JLPT JLPT_5 JLPT_N5,c.+pIV(7xY
卵,たまご,蛋,Intermediate_Japanese Intermediate_Japanese_Ln.6 JLPT JLPT_5 JLPT_N5,c|(S)f_).K
誰,だれ,世界衛生組織,Genki Genki_Ln.2 JLPT JLPT_5 JLPT_N5,gDqm6J+#/O
誰か,だれか,有人,JLPT JLPT_3 JLPT_5 JLPT_N5,K{JPl*mB/&
誕生日,たんじょうび,生日,Genki Genki_Ln.5 JLPT JLPT_5 JLPT_N5,HV8#h@HniT
段々,だんだん,逐漸逐步,JLPT JLPT_5 JLPT_N5,O8dRR}CL>
小さい,ちいさい,小，小,Genki Genki_Ln.5 JLPT JLPT_5 JLPT_N5,LNu9:vy!G1
小さな,ちいさな,小，小,JLPT JLPT_5 JLPT_N5,lc*~Cd~D@4
近い,ちかい,靠近，靠近，短,Genki Genki_Ln.13 JLPT JLPT_5 JLPT_N5,"ttC.1]n,0|"
違う,ちがう,與眾不同；有所不同；錯誤的,Genki Genki_Ln.23 Intermediate_Japanese Intermediate_Japanese_Ln.1 JLPT JLPT_5 JLPT_N5,N2Hj9)qK/l
近く,ちかく,附近;在附近,Intermediate_Japanese Intermediate_Japanese_Ln.1 JLPT JLPT_5 JLPT_N5,y)Y*_^+)&<
地下鉄,ちかてつ,地鐵地下火車,Genki Genki_Ln.10 JLPT JLPT_5 JLPT_N5,MEsyrZ*cPc
地図,ちず,地圖,Genki Genki_Ln.15 Intermediate_Japanese Intermediate_Japanese_Ln.12 JLPT JLPT_5 JLPT_N5,dhY*~Tx!fs
父,ちち,（我的父親,Genki Genki_Ln.7 JLPT JLPT_5 JLPT_N5,QKI#T(oT`t
茶色,ちゃいろ,棕色的,JLPT JLPT_5 JLPT_N5,h<Se0W>cwB
茶碗,ちゃわん,飯碗,JLPT JLPT_5 JLPT_N5,p6c8>jnMm!
～中,～ちゅう,在〜時,JLPT JLPT_5 JLPT_N5,J]E)zcwU%w
丁度,ちょうど,正是對，完全是,JLPT JLPT_5 JLPT_N5,K@fxH}$AC8
ちょっと,ちょっと,有點，有點；只是有點,Genki Genki_Ln.3 JLPT JLPT_2 JLPT_5 JLPT_N5,j)OcO!#[%u
一日,ついたち,一天;一個月的第一天,JLPT JLPT_5 JLPT_N5,qK&D4iveg
使う,つかう,使用,JLPT JLPT_5 JLPT_N5,B(Ve/L8[z5
疲れる,つかれる,變得疲倦；變得疲勞,Genki Genki_Ln.11 Intermediate_Japanese Intermediate_Japanese_Ln.10 JLPT JLPT_5 JLPT_N5,Oil7l6nt$n
次,つぎ,下一個,Genki Genki_Ln.6 JLPT JLPT_5 JLPT_N5,IPls}w5_e-
着く,つく,到達，到達,JLPT JLPT_3 JLPT_5 JLPT_N5,hc-pfPX>PQ
机,つくえ,桌子,Genki Genki_Ln.4 Intermediate_Japanese Intermediate_Japanese_Ln.10 JLPT JLPT_5 JLPT_N5,G!9kEn9Y>c
作る,つくる,製作，創建,Genki Genki_Ln.8 JLPT JLPT_5 JLPT_N5,dlanfH_M#M
つける,つける,打開（例如，燈）；服用,JLPT JLPT_3 JLPT_4 JLPT_5 JLPT_N5,o}z*=/A8o~
勤める,つとめる,工作（用於）,JLPT JLPT_5 JLPT_N5,xKU$$gsQPF
つまらない,つまらない,無聊，沉悶；微不足道,Genki Genki_Ln.5 JLPT JLPT_5 JLPT_N5,HL~a;+T`kY
冷たい,つめたい,冷（事物，人）,Genki Genki_Ln.10 JLPT JLPT_5 JLPT_N5,v8vDEW[6Rh
強い,つよい,強大，強大,Genki Genki_Ln.17 Intermediate_Japanese Intermediate_Japanese_Ln.13 JLPT JLPT_5 JLPT_N5,d[wde~o@q(
手,て,手,JLPT JLPT_5 JLPT_N5,CAHcCP96BY
テープ,テープ,磁帶,Genki Genki_Ln.2 JLPT JLPT_5 JLPT_N5,"H|,pBh(;BD"
テープレコーダー,テープレコーダー,錄音機,JLPT JLPT_5 JLPT_N5,izd^3[1~Pe
テーブル,テーブル,桌子,JLPT JLPT_5 JLPT_N5,n-.M5OZr5!
出かける,でかける,出去；離開,Genki Genki_Ln.5 JLPT JLPT_5 JLPT_N5,Fx}b2N2gun
手紙,てがみ,信,Genki Genki_Ln.4 JLPT JLPT_5 JLPT_N5,M#PC#!OTka
できる,できる,能夠（完成）,JLPT JLPT_3 JLPT_4 JLPT_5 JLPT_N5,vB~NGv+*>H
出口,でぐち,出口,Intermediate_Japanese Intermediate_Japanese_Ln.7 JLPT JLPT_5 JLPT_N5,sv__368x5>
テスト,テスト,測試,Genki Genki_Ln.5 JLPT JLPT_5 JLPT_N5,Lhy<!{J6SG
では,では,那，好吧,JLPT JLPT_3 JLPT_5 JLPT_N5,NY{|SsdlKz
デパート,デパート,（Abbr。）百貨商店,Genki Genki_Ln.4 JLPT JLPT_5 JLPT_N5,rd.b%pP~B0
でも,でも,但是，但是,JLPT JLPT_3 JLPT_5 JLPT_N5,izQ~3T7Pp}
出る,でる,出現，離開,JLPT JLPT_5 JLPT_N5,A23ctPX1n^
テレビ,テレビ,電視，電視,Genki Genki_Ln.3 JLPT JLPT_5 JLPT_N5,pQXZQB+G|d
天気,てんき,天氣,Genki Genki_Ln.5 JLPT JLPT_5 JLPT_N5,vm1l+4c[9
電気,でんき,電力，（電）光,Genki Genki_Ln.6 JLPT JLPT_5 JLPT_N5,HsW5jIb;SC
電車,でんしゃ,電動火車,Genki Genki_Ln.6 JLPT JLPT_5 JLPT_N5,e?+NxLTOv
電話,でんわ,電話,Genki Genki_Ln.1 JLPT JLPT_5 JLPT_N5,"Q,geq&8^pJ"
戸,と,門（日本風格）,JLPT JLPT_5 JLPT_N5,o.K?EMap~;
～度,～ど,發生的情況； 〜度； 〜點,JLPT JLPT_1 JLPT_5 JLPT_N5,K9|0UgYaJ_
ドア,ドア,門（西方風格）,JLPT JLPT_5 JLPT_N5,l[rk}4@PVD
トイレ,トイレ,浴室;洗手間,Intermediate_Japanese Intermediate_Japanese_Ln.10 JLPT JLPT_5 JLPT_N5,hv_ThfFsjj
どう,どう,如何以什麼方式,JLPT JLPT_5 JLPT_N5,FZt/a?Mnu^
どうして,どうして,為什麼，出於什麼原因,Genki Genki_Ln.4 JLPT JLPT_5 JLPT_N5,s<(2V@f6ff
どうぞ,どうぞ,請一定要,JLPT JLPT_5 JLPT_N5,CXiSJodxs@
動物,どうぶつ,動物,Intermediate_Japanese Intermediate_Japanese_Ln.10 JLPT JLPT_5 JLPT_N5,Q~mPY;2upw
どうも,どうも,謝謝;不知何故；不管您有多努力,Genki Genki_Ln.2 Intermediate_Japanese Intermediate_Japanese_Ln.1 JLPT JLPT_5 JLPT_N5,"Maz]_B`w,4"
十,(〜を) とお,十（〜）,Genki Genki_Ln.9 JLPT JLPT_3 JLPT_5 JLPT_N5,BjWdBTc)9!
遠い,とおい,遙遠（遠），遙遠,Genki Genki_Ln.21 JLPT JLPT_5 JLPT_N5,Jl9yYXnyJ<
十日,とおか,十天；每月的第十,Genki Genki_Ln.13 JLPT JLPT_5 JLPT_N5,g[CNT&GA2[
～時,～とき,在〜,JLPT JLPT_3 JLPT_5 JLPT_N5,bGLp[lZC.;
時々,ときどき,有時,Genki Genki_Ln.3 JLPT JLPT_5 JLPT_N5,s+W64X?THZ
時計,とけい,手錶；時鐘,Genki Genki_Ln.2 Intermediate_Japanese Intermediate_Japanese_Ln.2 JLPT JLPT_5 JLPT_N5,u/fL<ne:Cb
どこ,どこ,在哪裡，什麼地方,Genki Genki_Ln.2 JLPT JLPT_5 JLPT_N5,h_Fa6?Ps@9
所,ところ,地方,Genki Genki_Ln.8 Intermediate_Japanese Intermediate_Japanese_Ln.1 JLPT JLPT_5 JLPT_N5,J`^6YmuA-0
年,とし,年，年齡,JLPT JLPT_3 JLPT_5 JLPT_N5,N=hcG9wG3;
図書館,としょかん,圖書館,Genki Genki_Ln.2 Intermediate_Japanese Intermediate_Japanese_Ln.5 JLPT JLPT_5 JLPT_N5,mp0X0~7Y`^
どちら,どちら,哪個（一個）（Way）;哪裡（禮貌）,Genki Genki_Ln.10 Genki_Ln.19 JLPT JLPT_5 JLPT_N5,pW(ud@AhIx
どっち,どっち,哪一個，哪個方式,Genki Genki_Ln.10 JLPT JLPT_5 JLPT_N5,"PxI,t`JQ.N"
とても,とても,非常（很多），極為，極其,Genki Genki_Ln.5 Intermediate_Japanese Intermediate_Japanese_Ln.1 JLPT JLPT_3 JLPT_5 JLPT_N5,t]2-1h#)V/
どなた,どなた,世界衛生組織,JLPT JLPT_5 JLPT_N5,Ll)TbcW$yb
隣,となり,旁邊，隔壁,Intermediate_Japanese Intermediate_Japanese_Ln.1 JLPT JLPT_5 JLPT_N5,GigT2yQ[2E
どの,どの,哪個,JLPT JLPT_5 JLPT_N5,H+g1ci<Mvc
飛ぶ,とぶ,飛，跳,JLPT JLPT_5 JLPT_N5,wLF5gUV](>
止まる,とまる,停止,JLPT JLPT_5 JLPT_N5,Q+OrrzleWd
友達,ともだち,朋友,Genki Genki_Ln.1 Intermediate_Japanese Intermediate_Japanese_Ln.1 JLPT JLPT_5 JLPT_N5,E)w$/p&I#O
土曜日,どようび,週六,Genki Genki_Ln.3 JLPT JLPT_3 JLPT_5 JLPT_N5,Q%+.*M.E9m
鳥,とり,雞肉（點亮，鳥）,Intermediate_Japanese Intermediate_Japanese_Ln.6 JLPT JLPT_5 JLPT_N5,lc>;F##&%m
鶏肉,とりにく,雞肉,JLPT JLPT_5 JLPT_N5,dL<c9&FvJF
取る,とる,參加（課）；獲得（成績）,Genki Genki_Ln.11 Intermediate_Japanese Intermediate_Japanese_Ln.1 JLPT JLPT_5 JLPT_N5,bLpD3ABv2g
撮る,とる,拍攝（照片），製作（電影）,JLPT JLPT_5 JLPT_N5,w7O/i=vkEI
どれ,どれ,哪一個,Genki Genki_Ln.2 JLPT JLPT_3 JLPT_5 JLPT_N5,icGG-;4x}M
どんな,どんな,什麼，什麼樣的,JLPT JLPT_3 JLPT_5 JLPT_N5,PZ~[>!hd8m
ない,ない,沒有，沒有,JLPT JLPT_5 JLPT_N5,I08@<2+DPk
ナイフ,ナイフ,刀,JLPT JLPT_5 JLPT_N5,domhg)5M&Q
中,なか,內部，中間,JLPT JLPT_3 JLPT_5 JLPT_N5,rVjcK=lE15
長い,ながい,長，冗長,Genki Genki_Ln.7 Intermediate_Japanese Intermediate_Japanese_Ln.4 JLPT JLPT_2 JLPT_5 JLPT_N5,EHO`14{d-(
鳴く,なく,發出聲音（動物）,JLPT JLPT_5 JLPT_N5,"ivpv*G,Zm%"
無くす,なくす,失去東西,JLPT JLPT_3 JLPT_5 JLPT_N5,dteDI+R~`W
なぜ,なぜ,為什麼（與どうして）,Genki Genki_Ln.19 JLPT JLPT_5 JLPT_N5,Cvs*YiG5BD
夏,なつ,夏天,Genki Genki_Ln.8 Intermediate_Japanese Intermediate_Japanese_Ln.4 JLPT JLPT_5 JLPT_N5,"P,[b8Eh|6R"
夏休み,なつやすみ,暑假,JLPT JLPT_5 JLPT_N5,D=cA)b0@~(
～など,～など,等等,JLPT JLPT_3 JLPT_5 JLPT_N5,"e(]O3py,;2"
七つ,ななつ,七件事,Genki Genki_Ln.9 JLPT JLPT_3 JLPT_5 JLPT_N5,G25u:w`9Xu
何,なん; なに,什麼,Genki Genki_Ln.1 JLPT JLPT_3 JLPT_5 JLPT_N5,g<hW@mElnM
七日,なのか,七天；第七天（本月）,Genki Genki_Ln.13 JLPT JLPT_5 JLPT_N5,I|+G2AT>J]
名前,なまえ,姓名,Genki Genki_Ln.1 JLPT JLPT_5 JLPT_N5,e6o_CEx8)b
習う,ならう,學習,Genki Genki_Ln.11 JLPT JLPT_5 JLPT_N5,iV+xor)WZT
並ぶ,ならぶ,排隊，站在一條線上（v.i。）,Intermediate_Japanese Intermediate_Japanese_Ln.7 JLPT JLPT_5 JLPT_N5,nIHPO#>_}+
並べる,ならべる,並排放（事物）；排隊,Intermediate_Japanese Intermediate_Japanese_Ln.15 JLPT JLPT_5 JLPT_N5,n!B94UfoT6
なる,なる,成為,Genki Genki_Ln.10 JLPT JLPT_3 JLPT_5 JLPT_N5,ukKTUxR2lk
何～,なん～,什麼樣的〜,JLPT JLPT_5 JLPT_N5,C!@pB0L*^>
二,に,二,JLPT JLPT_5 JLPT_N5,uzD!:&B)8|
にぎやか,にぎやか,忙碌，很忙,JLPT JLPT_5 JLPT_N5,cIb<bg#^)L
肉,にく,肉,Genki Genki_Ln.2 JLPT JLPT_5 JLPT_N5,Go(gh2eIxK
西,にし,西方,JLPT JLPT_5 JLPT_N5,D!YA^58RBg
～日,～にち,〜一個月的一天，〜天,JLPT JLPT_5 JLPT_N5,DbJ@Azg05L
日曜日,にちようび,星期日,Genki Genki_Ln.3 JLPT JLPT_3 JLPT_5 JLPT_N5,XSi31p{-G
荷物,にもつ,行李;行李,Genki Genki_Ln.6 Intermediate_Japanese Intermediate_Japanese_Ln.6 JLPT JLPT_5 JLPT_N5,MH72iI!<]q
ニュース,ニュース,消息,Genki Genki_Ln.17 JLPT JLPT_5 JLPT_N5,"iHtE.]1*,&"
庭,にわ,花園,Genki Genki_Ln.15 JLPT JLPT_5 JLPT_N5,f&>q3YTU?H
～人,～にん,人民的櫃檯,JLPT JLPT_5 JLPT_N5,FNnJ8yNPin
脱ぐ,ぬぐ,起飛（衣服）,Genki Genki_Ln.17 JLPT JLPT_5 JLPT_N5,cM_g)oAQIs
温い,ぬるい,溫,JLPT JLPT_3 JLPT_5 JLPT_N5,"gfQAF/k(q,"
ネクタイ,ネクタイ,領帶，領帶,Genki Genki_Ln.14 JLPT JLPT_5 JLPT_N5,AQO{m&veen
猫,ねこ,貓,Genki Genki_Ln.4 JLPT JLPT_5 JLPT_N5,x^.ijbc4Mz
寝る,ねる,睡覺；睡覺；上床睡覺,Genki Genki_Ln.3 Intermediate_Japanese Intermediate_Japanese_Ln.2 JLPT JLPT_5 JLPT_N5,PAI>}YTMT!
～年,～ねん,〜年,JLPT JLPT_5 JLPT_N5,"gYAXz}z6O,"
ノート,ノート,筆記本,Genki Genki_Ln.2 JLPT JLPT_5 JLPT_N5,Go~p$PSFcm
登る,のぼる,攀登,JLPT JLPT_3 JLPT_5 JLPT_N5,unM=ha?S3d
飲み物,のみもの,飲料，飲料,Genki Genki_Ln.5 JLPT JLPT_5 JLPT_N5,"k?X,84{EZ8"
飲む,のむ,喝,JLPT JLPT_5 JLPT_N5,C;cf;f4#r6
乗る,のる,繼續，騎行，登機,JLPT JLPT_3 JLPT_5 JLPT_N5,J~ykS_Bo0m
歯,は,齒,Genki Genki_Ln.12 Intermediate_Japanese Intermediate_Japanese_Ln.12 JLPT JLPT_5 JLPT_N5,J1;2F+tdr`
パーティー,パーティー,聚會,Genki Genki_Ln.8 JLPT JLPT_5 JLPT_N5,O}o_r|!syk
はい,はい,是的,Genki Genki_Ln.1 JLPT JLPT_3 JLPT_5 JLPT_N5,Q.;:Q&Nmh}
～杯,～はい,杯子的櫃檯,JLPT JLPT_5 JLPT_N5,JTOz#Az0jW
灰皿,はいざら,煙灰缸,JLPT JLPT_5 JLPT_N5,mAdBNp<Jp$
入る,はいる,輸入，包含，保持,JLPT JLPT_5 JLPT_N5,zZFQIc).TB
葉書,はがき,明信片,Genki Genki_Ln.5 JLPT JLPT_5 JLPT_N5,jer83m7P=.
はく,はく,穿上（腰部下方的物品）,Genki Genki_Ln.7 JLPT JLPT_3 JLPT_5 JLPT_N5,oRjJ`o{id)
箱,はこ,盒子,JLPT JLPT_5 JLPT_N5,D@BX&%Fydt
橋,はし,橋,JLPT JLPT_3 JLPT_5 JLPT_N5,gMcz>SvPjQ
箸,はし,筷子,Genki Genki_Ln.8 JLPT JLPT_3 JLPT_5 JLPT_N5,vlWz[4OAnE
始まる,はじまる,（某事）開始,Genki Genki_Ln.9 JLPT JLPT_5 JLPT_N5,g7#i$_:K%6
初め; 始め,はじめ,開始，開始,JLPT JLPT_3 JLPT_5 JLPT_N5,Po{k$4o=i}
初めて,はじめて,首次,Genki Genki_Ln.12 Intermediate_Japanese Intermediate_Japanese_Ln.1 JLPT JLPT_5 JLPT_N5,FM~Al0*F*3
走る,はしる,運行,Genki Genki_Ln.22 Intermediate_Japanese Intermediate_Japanese_Ln.10 JLPT JLPT_5 JLPT_N5,"B)($ycG+,c"
バス,バス,公共汽車;洗澡;低音,Genki Genki_Ln.5 Intermediate_Japanese Intermediate_Japanese_Ln.10 JLPT JLPT_1 JLPT_5 JLPT_N5,nF2zK|?mh~
バター,バター,奶油,JLPT JLPT_5 JLPT_N5,bep_D~c3Ed
二十歳,はたち,20歲,JLPT JLPT_3 JLPT_5 JLPT_N5,"s,}HT(8Tzb"
働く,はたらく,上班,Genki Genki_Ln.11 Intermediate_Japanese Intermediate_Japanese_Ln.9 JLPT JLPT_5 JLPT_N5,fCkP4x.Nco
八,はち,八,JLPT JLPT_5 JLPT_N5,maEI.lHT3>
二十日,はつか,二十天，第二天（每月的一天）,JLPT JLPT_5 JLPT_N5,mmn=3%}>}J
花,はな,花,JLPT JLPT_5 JLPT_N5,js_smr~4Ak
鼻,はな,鼻子,JLPT JLPT_5 JLPT_N5,"Ft8Z7qnLG,"
話,はなし,談論（聊天），故事,Genki Genki_Ln.19 JLPT JLPT_5 JLPT_N5,A(<B}*ZSa_
話す,はなす,說話,JLPT JLPT_3 JLPT_5 JLPT_N5,d]>`2&`x#1
母,はは,（我的母親,Genki Genki_Ln.14 JLPT JLPT_5 JLPT_N5,I?S_Xs1PT;
早い,はやい,早期的,Genki Genki_Ln.3 JLPT JLPT_5 JLPT_N5,J6yYVxGFN*
速い,はやい,快速，快速,Genki Genki_Ln.7 Intermediate_Japanese Intermediate_Japanese_Ln.4 JLPT JLPT_5 JLPT_N5,pfU@DZ;h3^
春,はる,春天,Genki Genki_Ln.10 Intermediate_Japanese Intermediate_Japanese_Ln.4 JLPT JLPT_3 JLPT_5 JLPT_N5,mlEwn=b[H<
貼る,はる,發布；粘貼;連接,Genki Genki_Ln.21 Intermediate_Japanese Intermediate_Japanese_Ln.3 JLPT JLPT_3 JLPT_5 JLPT_N5,zI5j%aDV0.
晴れ,はれ,晴朗的天氣,Genki Genki_Ln.12 JLPT JLPT_5 JLPT_N5,nBD2D7_?kw
晴れる,はれる,晴天,Genki Genki_Ln.19 JLPT JLPT_5 JLPT_N5,ATM=j&::X;
半,はん,一半（例如，にじはん| |半陣2）,Genki Genki_Ln.1 JLPT JLPT_3 JLPT_5 JLPT_N5,s%lRHov]`n
晩,ばん,晚上,JLPT JLPT_3 JLPT_5 JLPT_N5,hO?dVEN`5B
～番,～ばん,〜ST;最好,JLPT JLPT_5 JLPT_N5,b/wgPDiVBg
パン,パン,麵包,Genki Genki_Ln.4 JLPT JLPT_5 JLPT_N5,FI2Z[9I*9Q
ハンカチ,ハンカチ,手帕,JLPT JLPT_5 JLPT_N5,yU4LCXkUnv
番号,ばんごう,數字，一系列數字,Genki Genki_Ln.1 JLPT JLPT_5 JLPT_N5,c^xE))av$-
晩御飯,ばんごはん,晚餐，晚餐,Genki Genki_Ln.3 JLPT JLPT_5 JLPT_N5,HihAr>C::*
半分,はんぶん,一半,JLPT JLPT_5 JLPT_N5,DN!/&cg9bL
東,ひがし,東方,JLPT JLPT_5 JLPT_N5,"pI3YEa2,3t"
～匹,～ひき,小動物的櫃檯,JLPT JLPT_5 JLPT_N5,ivmKu+!yZ}
引く,ひく,拉，畫；減去,JLPT JLPT_2 JLPT_3 JLPT_5 JLPT_N5,tVVM)ZI7wM
弾く,ひく,彈奏（弦樂器或鋼琴）,Genki Genki_Ln.9 JLPT JLPT_3 JLPT_5 JLPT_N5,HK}b0#P-HS
低い,ひくい,短，低,JLPT JLPT_5 JLPT_N5,BBr{:lP!;x
飛行機,ひこうき,飛機,Genki Genki_Ln.5 Intermediate_Japanese Intermediate_Japanese_Ln.1 JLPT JLPT_5 JLPT_N5,OUQ4o:]Va=
左,ひだり,左手,JLPT JLPT_5 JLPT_N5,h_@t6d`1:*
人,ひと,男人，一個人,Genki Genki_Ln.4 JLPT JLPT_5 JLPT_N5,ya&#4:D}>{
一つ,ひとつ,一件事,Genki Genki_Ln.9 JLPT JLPT_5 JLPT_N5,lMwiFE;gTW
一月,ひとつき,一個月,JLPT JLPT_5 JLPT_N5,JU.k{Nz*{h
一人,ひとり,一個人,Genki Genki_Ln.7 JLPT JLPT_3 JLPT_5 JLPT_N5,rOUMQ8LZ5<
暇,ひま,空閒時間，休閒,JLPT JLPT_5 JLPT_N5,urDxNZnrq<
百,ひゃく,百,JLPT JLPT_5 JLPT_N5,J;(UasY_=O
病院,びょういん,醫院,Genki Genki_Ln.4 JLPT JLPT_5 JLPT_N5,<+#t;D=L-
病気,びょうき,疾病;疾病,Genki Genki_Ln.9 Intermediate_Japanese Intermediate_Japanese_Ln.2 JLPT JLPT_5 JLPT_N5,Ibs3I0!xB|
平仮名,ひらがな,希拉加納,JLPT JLPT_5 JLPT_N5,k}y1F@5e8u
昼,ひる,中午，白天,JLPT JLPT_5 JLPT_N5,i8$:v@D8x1
昼御飯,ひるごはん,午餐，午飯,Genki Genki_Ln.3 JLPT JLPT_5 JLPT_N5,JGK7M1P.PA
広い,ひろい,寬敞；寬的;廣闊,Genki Genki_Ln.15 Intermediate_Japanese Intermediate_Japanese_Ln.15 JLPT JLPT_5 JLPT_N5,nThxsh#3~a
フィルム,フィルム,電影（卷）,JLPT JLPT_5 JLPT_N5,w#JO*~D@<H
封筒,ふうとう,信封,Intermediate_Japanese Intermediate_Japanese_Ln.3 JLPT JLPT_5 JLPT_N5,JaXU6BSc-h
プール,プール,游泳池,Genki Genki_Ln.15 JLPT JLPT_5 JLPT_N5,J.!iKtAY)1
フォーク,フォーク,叉,JLPT JLPT_5 JLPT_N5,Q#>HBX67;#
吹く,ふく,吹（風，等）,Genki Genki_Ln.22 JLPT JLPT_3 JLPT_5 JLPT_N5,mo@qiT7%d3
服,ふく,衣服,Genki Genki_Ln.12 JLPT JLPT_3 JLPT_5 JLPT_N5,G;N&<jI3Ep
二つ,ふたつ,兩件事,Genki Genki_Ln.9 JLPT JLPT_5 JLPT_N5,A@M*oG}Fjm
豚肉,ぶたにく,豬肉,JLPT JLPT_5 JLPT_N5,N1fM*9;kPY
二人,ふたり,兩個人,Genki Genki_Ln.7 JLPT JLPT_5 JLPT_N5,yRF#3ntAGH
二日,ふつか,兩天；本月的第二天,Genki Genki_Ln.13 JLPT JLPT_5 JLPT_N5,dRYcz7jSL;
太い,ふとい,脂肪，厚,JLPT JLPT_5 JLPT_N5,LD`2@7dG9a
冬,ふゆ,冬天,Genki Genki_Ln.8 Intermediate_Japanese Intermediate_Japanese_Ln.4 JLPT JLPT_5 JLPT_N5,reZ;<Y^{LL
降る,ふる,沉澱，跌倒（例如雨，雪等）,Intermediate_Japanese Intermediate_Japanese_Ln.2 JLPT JLPT_3 JLPT_5 JLPT_N5,q(<}4NV?U@
古い,ふるい,古老（指的是物體，而不是人），老化，古老,Genki Genki_Ln.5 JLPT JLPT_5 JLPT_N5,gH<g@fkLje
～分,～ふん,〜分鐘,JLPT JLPT_5 JLPT_N5,chUnU+#xr]
文章,ぶんしょう,句子，文字,JLPT JLPT_5 JLPT_N5,F&}@z14/*V
ページ,ページ,頁面,Genki Genki_Ln.6 JLPT JLPT_5 JLPT_N5,jR*]a[JBx$
下手,へた,不熟練，可憐,JLPT JLPT_5 JLPT_N5,zx]n<UpO/Q
ベッド,ベッド,床,JLPT JLPT_5 JLPT_N5,mm(#F~5?W7
ペット,ペット,寵物,Genki Genki_Ln.15 JLPT JLPT_3 JLPT_5 JLPT_N5,Gm:f8t8t/V
部屋,へや,一個房間,Genki Genki_Ln.5 Intermediate_Japanese Intermediate_Japanese_Ln.2 JLPT JLPT_5 JLPT_N5,"cB,rGZ.;c."
辺,へん,區域，附近,JLPT JLPT_5 JLPT_N5,"v^uJ@o,r7C"
ペン,ペン,筆,Genki Genki_Ln.2 JLPT JLPT_5 JLPT_N5,PpbmxKp]%S
勉強,べんきょう (する),學習,JLPT JLPT_3 JLPT_5 JLPT_N5,P|N-mC4itp
便利,べんり,方便，方便,JLPT JLPT_5 JLPT_N5,NSM1sxi#q3
帽子,ぼうし,帽子;帽,Genki Genki_Ln.2 JLPT JLPT_5 JLPT_N5,whud$h6Xsa
ボールペン,ボールペン,原子筆,JLPT JLPT_5 JLPT_N5,A1a57pRAi*
外,ほか,其他，其餘,JLPT JLPT_3 JLPT_5 JLPT_N5,q-Rsw+YG/*
ポケット,ポケット,口袋,JLPT JLPT_5 JLPT_N5,PrdL>hhb^[
欲しい,ほしい,想要，需要,JLPT JLPT_5 JLPT_N5,"IB/)D,[pe$"
ポスト,ポスト,郵箱;職位，位置,JLPT JLPT_5 JLPT_N5,CSDW$^FNBN
細い,ほそい,薄，細長，很好,JLPT JLPT_5 JLPT_N5,zm=f9J*i)W
ボタン,ボタン,按鈕,JLPT JLPT_5 JLPT_N5,o=Cnvf:%>b
ホテル,ホテル,飯店,Genki Genki_Ln.4 JLPT JLPT_5 JLPT_N5,n#S=W;:k;`
本,ほん,書,Genki Genki_Ln.2 JLPT JLPT_5 JLPT_N5,PgM`&0<&bX
～本,～ほん,長圓柱事物的櫃檯,JLPT JLPT_2 JLPT_5 JLPT_N5,Aln2n5Y6m$
本棚,ほんだな,書架,JLPT JLPT_5 JLPT_N5,LlS7xyP)^9
本当,ほんとう,真實，是真的,JLPT JLPT_3 JLPT_5 JLPT_N5,mp{CGAM3}E
～枚,～まい,櫃檯的櫃檯,JLPT JLPT_5 JLPT_N5,eZ7Lx)q}m
毎朝,まいあさ,每天早晨,Genki Genki_Ln.19 JLPT JLPT_5 JLPT_N5,FY8YY]~jH+
毎月,まいげつ; まいつき,每個月，每月一次,JLPT JLPT_5 JLPT_N5,x6m6aNH)Wj
毎週,まいしゅう,每週,Genki Genki_Ln.8 JLPT JLPT_5 JLPT_N5,Lp7~a9~`1G
毎日,まいにち,每天,Genki Genki_Ln.3 JLPT JLPT_5 JLPT_N5,"b}uYG),?~1"
毎年,まいねん; まいとし,每年，每年，每年,JLPT JLPT_5 JLPT_N5,cLTCt({=p{
毎晩,まいばん,每天晚上,Genki Genki_Ln.3 JLPT JLPT_5 JLPT_N5,s&rZqJP=be
前,まえ,之前，在前面,Genki Genki_Ln.17 JLPT JLPT_5 JLPT_N5,AcNx(A=]3O
～前,～まえ,在〜面前,JLPT JLPT_5 JLPT_N5,Jh#_2I1KK<
曲る,まがる,轉彎，彎曲,JLPT JLPT_3 JLPT_5 JLPT_N5,fZb*Dqk8+n
まずい,まずい,可怕的（參考食物），不熟悉，不愉快（口味）,Genki Genki_Ln.23 JLPT JLPT_5 JLPT_N5,y=A8n$:VZF
また,また,和;此外,Genki Genki_Ln.20 Intermediate_Japanese Intermediate_Japanese_Ln.5 JLPT JLPT_3 JLPT_5 JLPT_N5,H#sUyG^B<2
まだ,まだ,然而，此外,Genki Genki_Ln.19 JLPT JLPT_3 JLPT_5 JLPT_N5,xr/3DB/ghC
町,まち,鎮;城市,Genki Genki_Ln.4 Intermediate_Japanese Intermediate_Japanese_Ln.1 JLPT JLPT_3 JLPT_5 JLPT_N5,xztbV5AMZZ
待つ,まつ,等待,JLPT JLPT_3 JLPT_5 JLPT_N5,N6<)T3m*1$
まっすぐ,まっすぐ,直（前方），直接,JLPT JLPT_3 JLPT_5 JLPT_N5,o(%GCd@4cN
マッチ,マッチ,匹配,JLPT JLPT_5 JLPT_N5,r{cxPi6M{l
窓,まど,窗戶,Genki Genki_Ln.6 JLPT JLPT_5 JLPT_N5,dZZ^@1iCkq
丸い; 円い,まるい,圓形，圓形,JLPT JLPT_3 JLPT_5 JLPT_N5,kXV&n*v-w~
万,まん,萬,JLPT JLPT_5 JLPT_N5,k%8Ts^<^Df
万年筆,まんねんひつ,鋼筆,JLPT JLPT_5 JLPT_N5,pjtI#>[G;I
磨く,みがく,刷牙（牙齒）；拋光,Genki Genki_Ln.13 JLPT JLPT_5 JLPT_N5,f*XbBCL&y-
右,みぎ,右側,JLPT JLPT_5 JLPT_N5,Dx]?1r0B)6
短い,みじかい,短（長度）,Genki Genki_Ln.7 Intermediate_Japanese Intermediate_Japanese_Ln.11 JLPT JLPT_5 JLPT_N5,CoDv|eMw1>
水,みず,水,Genki Genki_Ln.3 JLPT JLPT_5 JLPT_N5,Psad>Q=[fe
店,みせ,商店，商店,Genki Genki_Ln.13 Intermediate_Japanese Intermediate_Japanese_Ln.6 JLPT JLPT_5 JLPT_N5,w{yPQLxrpZ
見せる,みせる,顯示，顯示,Genki Genki_Ln.16 JLPT JLPT_5 JLPT_N5,u/XQDC4A&:
道,みち,路，街；方式，方向,Genki Genki_Ln.16 JLPT JLPT_5 JLPT_N5,g*1iadY2;L
三日,みっか,三天，一個月的第三天,Genki Genki_Ln.13 JLPT JLPT_5 JLPT_N5,"BQ,4DuKr8>"
三つ,みっつ,三件事,Genki Genki_Ln.9 JLPT JLPT_5 JLPT_N5,E%f95v%koQ
緑,みどり,綠色的,JLPT JLPT_5 JLPT_N5,d@$Uu~dQl-
皆さん,みなさん,大家，大家,Intermediate_Japanese Intermediate_Japanese_Ln.4 JLPT JLPT_5 JLPT_N5,xUxg44IBk/
南,みなみ,南,Intermediate_Japanese Intermediate_Japanese_Ln.10 JLPT JLPT_5 JLPT_N5,tmB.Hd2Sk_
耳,みみ,耳朵,Intermediate_Japanese Intermediate_Japanese_Ln.5 JLPT JLPT_5 JLPT_N5,c2VG#0omOo
見る,みる,看，看,JLPT JLPT_3 JLPT_5 JLPT_N5,LJ*9Zy3g--
みんな,みんな,所有人，大家，大家,Genki Genki_Ln.9 JLPT JLPT_3 JLPT_5 JLPT_N5,NO(9_g@4E)
六日,むいか,六天；第六天,Genki Genki_Ln.13 JLPT JLPT_5 JLPT_N5,cT@R(=%:PY
向こう,むこう,超越那邊,JLPT JLPT_5 JLPT_N5,mQG@k1[%|C
難しい,むずかしい,難的,Genki Genki_Ln.5 Intermediate_Japanese Intermediate_Japanese_Ln.2 JLPT JLPT_5 JLPT_N5,cp|.gBg]*Y
六つ,むっつ,六件事,Genki Genki_Ln.9 JLPT JLPT_5 JLPT_N5,",[k`qyR3)"
村,むら,村莊,Intermediate_Japanese Intermediate_Japanese_Ln.10 JLPT JLPT_5 JLPT_N5,INP.Ccu#He
目,め,眼,Genki Genki_Ln.7 JLPT JLPT_3 JLPT_5 JLPT_N5,dhfW}%pIM+
メートル,メートル,儀表,JLPT JLPT_5 JLPT_N5,BPMIO$2k{i
眼鏡,めがね,眼鏡,Genki Genki_Ln.7 JLPT JLPT_5 JLPT_N5,OGc^3PJcd3
もう,もう,已經;再次;更多的,Genki Genki_Ln.9 JLPT JLPT_2 JLPT_5 JLPT_N5,C9[8>(KXKL
木曜日,もくようび,週四,Genki Genki_Ln.4 JLPT JLPT_3 JLPT_5 JLPT_N5,k#-z20ZxXI
もしもし,もしもし,你好？ （在電話上使用）,Genki Genki_Ln.4 JLPT JLPT_5 JLPT_N5,nnhl#WnLYa
持つ,もつ,持有，攜帶；擁有,JLPT JLPT_5 JLPT_N5,A&O@O/^cS;
もっと,もっと,更多的,Genki Genki_Ln.11 JLPT JLPT_3 JLPT_5 JLPT_N5,OqdI=b3^K`
物,もの,事物（具體對象）,Genki Genki_Ln.12 JLPT JLPT_3 JLPT_5 JLPT_N5,"z6=4|ALO,V"
門,もん,門,JLPT JLPT_5 JLPT_N5,H&[yCKRvgq
問題,もんだい,一個問題,Intermediate_Japanese Intermediate_Japanese_Ln.11 JLPT JLPT_5 JLPT_N5,Eh6&Bnk+Z%
～屋,～や,〜商店,JLPT_N5,ht#2@^87+]
八百屋,やおや,蔬菜水果,JLPT JLPT_5 JLPT_N5,C[.TX0anRy
野菜,やさい,蔬菜,Genki Genki_Ln.2 JLPT JLPT_5 JLPT_N5,qVg2VfFKQ;
易しい,やさしい,簡單，簡單，簡單,JLPT JLPT_5 JLPT_N5,O&W|&R47Dm
安い,やすい,便宜；便宜的東西,Genki Genki_Ln.5 JLPT JLPT_5 JLPT_N5,ie=X%ZqpqO
休み,やすみ,假期;休假；缺席,Genki Genki_Ln.5 JLPT JLPT_5 JLPT_N5,J*/c5_R!J=
休む,やすむ,休息，休息一下，休假,JLPT JLPT_5 JLPT_N5,i~a&f>8]D[
八つ,やっつ,八件事,Genki Genki_Ln.9 JLPT JLPT_5 JLPT_N5,F=`<QfuMn*
山,やま,山,Genki Genki_Ln.11 JLPT JLPT_5 JLPT_N5,FM#``XMUDZ
やる,やる,要做；給（給寵物，父母，兄弟姐妹等）,Genki Genki_Ln.21 JLPT JLPT_4 JLPT_5 JLPT_N5,"ee,Y5GOGX?"
夕方,ゆうがた,午後（通常在晚餐時間之前），晚上,Genki Genki_Ln.18 Intermediate_Japanese Intermediate_Japanese_Ln.10 JLPT JLPT_5 JLPT_N5,wr(&N+9Gfn
夕飯,ゆうはん,晚餐，晚餐，晚餐,JLPT JLPT_4 JLPT_5 JLPT_N5,x@-+;z#Bdx
郵便局,ゆうびんきょく,郵局,Genki Genki_Ln.2 JLPT JLPT_5 JLPT_N5,E9^vm]j#7*
昨夜,ゆうべ,昨夜,JLPT JLPT_3 JLPT_5 JLPT_N5,h5wsUbx`&$
有名,ゆうめい,著名的,JLPT JLPT_5 JLPT_N5,cV2lu-%dm7
雪,ゆき,雪,Genki Genki_Ln.12 JLPT JLPT_3 JLPT_5 JLPT_N5,jr0utv~KvB
ゆっくりと,ゆっくりと,慢慢地，放鬆,JLPT JLPT_5 JLPT_N5,w_ef65R9#}
八日,ようか,八天；每月的第八天,Genki Genki_Ln.13 JLPT JLPT_5 JLPT_N5,Fd}WQ7nZj^
洋服,ようふく,西方風格的衣服,JLPT JLPT_5 JLPT_N5,uv*)pIfBA|
よく,よく,經常（很多）；好吧，巧妙地,Genki Genki_Ln.14 Genki_Ln.3 JLPT JLPT_5 JLPT_N5,Fz[l>+!/Hl
横,よこ,旁;邊;寬度,Intermediate_Japanese Intermediate_Japanese_Ln.11 JLPT JLPT_5 JLPT_N5,C?K**~xaVS
四日,よっか,四天；這個月的第四天,Genki Genki_Ln.13 JLPT JLPT_5 JLPT_N5,s(2D4IDk2]
四つ,よっつ,四件事,Genki Genki_Ln.9 JLPT JLPT_2 JLPT_5 JLPT_N5,BL9b_E4!L$
呼ぶ,よぶ,致電（一個名稱）；邀請,Genki Genki_Ln.19 JLPT JLPT_3 JLPT_5 JLPT_N5,zV4mur-%tO
読む,よむ,閱讀,JLPT JLPT_5 JLPT_N5,G8F?CvYLz|
夜,よる,晚上，晚上,Genki Genki_Ln.6 JLPT JLPT_3 JLPT_5 JLPT_N5,lj*phUSR[b
弱い,よわい,虛弱的,JLPT JLPT_5 JLPT_N5,x)3Ur1<az7
来月,らいげつ,下個月,Genki Genki_Ln.8 JLPT JLPT_5 JLPT_N5,O/Q*jP:8c|
来週,らいしゅう,下週,Genki Genki_Ln.6 JLPT JLPT_5 JLPT_N5,h}c~#8X!n;
来年,らいねん,明年,Genki Genki_Ln.6 JLPT JLPT_5 JLPT_N5,"mvNiHK,T4b"
ラジオ,ラジオ,收音機,Genki Genki_Ln.14 JLPT JLPT_5 JLPT_N5,wyqA~/nA@+
ラジオカセ,ラジオカセ,無線電錄像帶播放器,JLPT JLPT_5 JLPT_N5,"eBPF6I+,&0"
りっぱ,りっぱ,出色，很好,JLPT JLPT_3 JLPT_5 JLPT_N5,J%`%&)W1.O
留学生,りゅうがくせい,國際學生,Genki Genki_Ln.1 JLPT JLPT_5 JLPT_N5,n89-KYTMQf
両親,りょうしん,父母（點亮，父母都是）,Genki Genki_Ln.14 Intermediate_Japanese Intermediate_Japanese_Ln.1 JLPT JLPT_5 JLPT_N5,L.[<hVhM?f
料理,りょうり,烹飪;美食,Intermediate_Japanese Intermediate_Japanese_Ln.4 JLPT JLPT_5 JLPT_N5,G!~TK}MKdj
旅行,りょこう,旅行，旅行,Genki Genki_Ln.5 JLPT JLPT_5 JLPT_N5,KmCEi1#qL@
零,れい,零，沒有,JLPT JLPT_3 JLPT_5 JLPT_N5,rc1t]Q^qI(
冷蔵庫,れいぞうこ,冰箱,Genki Genki_Ln.18 JLPT JLPT_5 JLPT_N5,j*=Z=Hk4*w
レコード,レコード,記錄,JLPT JLPT_5 JLPT_N5,xn:3qV.c32
レストラン,レストラン,餐廳,Genki Genki_Ln.4 JLPT JLPT_5 JLPT_N5,s3y4P[QtRd
練習,れんしゅう (する),（要）實踐,JLPT JLPT_5 JLPT_N5,KaUYN0c91a
廊下,ろうか,走廊,JLPT JLPT_5 JLPT_N5,AsH$#BLZ{M
六,ろく,六,JLPT JLPT_5 JLPT_N5,w>WY?cJ:VM
ワイシャツ,ワイシャツ,襯衫（點亮：白襯衫），商務襯衫,JLPT JLPT_5 JLPT_N5,x|nJIKNm*T
若い,わかい,年輕的,Genki Genki_Ln.9 Intermediate_Japanese Intermediate_Japanese_Ln.1 JLPT JLPT_5 JLPT_N5,xN9[eu+8aY
分かる,わかる,理解,JLPT JLPT_5 JLPT_N5,vF3#$3|-lu
忘れる,わすれる,忘記,Intermediate_Japanese Intermediate_Japanese_Ln.3 JLPT JLPT_5 JLPT_N5,HW)xrzU[Z4
私,わたし,我，我自己,Genki Genki_Ln.1 JLPT JLPT_5 JLPT_N5,I+Y7lySy.4
私,わたくし,我（正式），我自己，私人事務,Genki Genki_Ln.13 JLPT JLPT_2 JLPT_5 JLPT_N5,m!I5:hHt<W
渡す,わたす,（v.t。）將（某物）交給（某物）;跨越,Intermediate_Japanese Intermediate_Japanese_Ln.6 JLPT JLPT_5 JLPT_N5,KvDHRUZ*r&
渡る,わたる,越過，穿過,JLPT JLPT_5 JLPT_N5,z9kLvI4/{d
悪い,わるい,壞，有罪；下,Genki Genki_Ln.12 Intermediate_Japanese Intermediate_Japanese_Ln.3 JLPT JLPT_5 JLPT_N5,rxV$$v%QZ;
